2026-08-22T20:12:30Z yield: run 2026-08-22-lighthouse live (Running, asana heartbeat_at=2026-08-22T20:08:08Z <90m, session_ended_at=null, session=1351c680) — exiting per AGENT.md step 1
2026-08-22T21:15:33Z yield: run 2026-08-22-lighthouse live in Running (heartbeat_at=2026-08-22T20:25:04Z <90m, session_ended_at=null, session=1351c680 active at phase 20); no work taken
2026-08-22T22:20:30Z yield: run 2026-08-22-lighthouse live (Running, asana heartbeat_at=2026-08-22T22:01:35Z <90m, session_ended_at=null, session=1351c680 active at phase 30 r1) — exiting per AGENT.md step 1
2026-08-23T00:15:00Z heartbeat: cap reached (live=3/3)
2026-08-23T00:34:50Z heartbeat: cap reached (live=3/3)
2026-08-23T00:54:58Z heartbeat: cap reached (live=3/3)
2026-08-23T01:11:16Z heartbeat: cap reached (live=3/3)
2026-08-23T01:38:00Z heartbeat: cap reached (live=3/3)
2026-08-23T01:53:30Z heartbeat: cap reached (live=3/3)
2026-08-23T02:11:00Z heartbeat: cap reached (live=3/3)
2026-08-23T02:42:27Z heartbeat: cap reached (live=3/3)
2026-08-23T02:53:07Z heartbeat: cap reached (live=3/3)
2026-08-23T03:13:55Z heartbeat: cap reached (live=3/3)
2026-08-23T03:39:44Z heartbeat: cap reached (live=3/3)
2026-08-23T03:53:00Z heartbeat: cap reached (live=3/3)
2026-08-23T04:39:00Z heartbeat: cap reached (live=3/3)
2026-08-23T04:58:30Z heartbeat: cap reached (live=3/3)
2026-08-23T05:19:00Z heartbeat: cap reached (live=3/3)
2026-08-23T05:56:27Z heartbeat: cap reached (live=3/3)
2026-08-23T06:15:06Z heartbeat: cap reached (live=3/3)
2026-08-23T06:37:00Z heartbeat: cap reached (live=3/3)
2026-08-23T06:58:00Z heartbeat: cap reached (live=3/3)
2026-08-23T07:20:30Z heartbeat: cap reached (live=3/3)
2026-08-23T07:38:30Z heartbeat: cap reached (live=3/3)
2026-08-23T07:53:30Z heartbeat: cap reached (live=3/3)
2026-08-23T08:15:18Z heartbeat: cap reached (live=3/3)
2026-08-23T09:41:00Z heartbeat: cap reached (live=3/3)
2026-08-23T10:21:17Z heartbeat: cap reached (live=3/3)
2026-08-23T10:38:00Z heartbeat: cap reached (live=3/3)
2026-08-23T10:54:53Z heartbeat: cap reached (live=3/3)
2026-08-23T11:21:00Z heartbeat: cap reached (live=3/3)
2026-08-23T11:35:30Z heartbeat: cap reached (live=3/3)
2026-08-23T11:56:30Z heartbeat: cap reached (live=3/3)
2026-08-23T12:17:15Z heartbeat: cap reached (live=3/3)
2026-08-23T12:34:39Z heartbeat: cap reached (live=3/3)
2026-08-23T13:14:53Z heartbeat: cap reached (live=3/3)
2026-08-23T13:31:27Z heartbeat: cap reached (live=3/3)
2026-08-23T13:53:00Z heartbeat: cap reached (live=3/3)
2026-08-23T14:15:23Z heartbeat: cap reached (live=3/3)
2026-08-23T15:21:30Z heartbeat: cap reached (live=3/3)
2026-08-23T15:42:45Z heartbeat: cap reached (live=3/3)
2026-08-23T15:56:00Z heartbeat: cap reached (live=3/3)
2026-08-23T16:38:30Z heartbeat: cap reached (live=3/3)
2026-08-23T17:01:02Z heartbeat: cap reached (live=3/3)
2026-08-23T17:16:45Z heartbeat: cap reached (live=3/3)
2026-08-23T17:56:00Z heartbeat: cap reached (live=3/3)
2026-08-23T18:20:00Z heartbeat: cap reached (live=3/3)
2026-08-23T18:38:00Z heartbeat: cap reached (live=3/3)
2026-08-23T18:55:30Z heartbeat: cap reached (live=3/3)
2026-08-23T19:41:05Z heartbeat: cap reached (live=3/3)
2026-08-23T20:12:00Z heartbeat: cap reached (live=3/3)
2026-08-23T20:37:00Z heartbeat: cap reached (live=3/3)
2026-08-23T20:59:56Z heartbeat: cap reached (live=3/3)
2026-08-23T21:37:27Z heartbeat: cap reached (live=3/3)
2026-08-23T22:19:40Z heartbeat: cap reached (live=3/3)
2026-08-23T22:38:00Z heartbeat: cap reached (live=3/3)
2026-08-23T22:56:00Z heartbeat: cap reached (live=3/3)
2026-08-23T23:17:00Z heartbeat: cap reached (live=3/3)
2026-08-23T23:35:30Z heartbeat: cap reached (live=3/3)
2026-08-23T23:56:30Z heartbeat: cap reached (live=3/3)
2026-08-24T00:16:30Z heartbeat: cap reached (live=3/3)
2026-08-24T00:59:51Z heartbeat: cap reached (live=3/3)
2026-08-24T01:57:30Z heartbeat: cap reached (live=3/3)
2026-08-24T02:19:00Z heartbeat: cap reached (live=3/3)
2026-08-24T02:34:49Z heartbeat: cap reached (live=3/3)
2026-08-24T02:56:55Z heartbeat: cap reached (live=3/3)
2026-08-24T03:17:30Z heartbeat: cap reached (live=3/3)
2026-08-24T03:33:00Z heartbeat: cap reached (live=3/3)
2026-08-24T04:16:30Z heartbeat: cap reached (live=3/3)
2026-08-24T04:41:45Z heartbeat: cap reached (live=3/3)
2026-08-24T04:56:00Z heartbeat: cap reached (live=3/3)
2026-08-24T05:15:30Z heartbeat: cap reached (live=3/3)
2026-08-24T05:58:19Z heartbeat: cap reached (live=3/3)
2026-08-24T06:34:00Z heartbeat: cap reached (live=3/3)
2026-08-24T06:51:00Z heartbeat: cap reached (live=3/3)
2026-08-24T07:16:34Z heartbeat: cap reached (live=3/3)
2026-08-24T08:00:39Z heartbeat: cap reached (live=3/3)
2026-08-24T08:21:13Z heartbeat: cap reached (live=3/3)
2026-08-24T08:36:57Z heartbeat: cap reached (live=3/3)
2026-08-24T08:53:00Z heartbeat: cap reached (live=3/3)
2026-08-24T09:16:00Z heartbeat: cap reached (live=3/3)
2026-08-24T09:38:00Z heartbeat: cap reached (live=3/3)
2026-08-24T11:02:00Z heartbeat: cap reached (live=3/3)
2026-08-24T11:18:53Z heartbeat: cap reached (live=3/3)
2026-08-24T11:34:30Z heartbeat: cap reached (live=3/3)
2026-08-24T11:57:00Z heartbeat: cap reached (live=3/3)
2026-08-24T12:16:30Z heartbeat: cap reached (live=3/3)
2026-08-24T12:36:00Z heartbeat: cap reached (live=3/3)
2026-08-24T12:59:30Z heartbeat: cap reached (live=3/3)
2026-08-24T13:16:30Z heartbeat: cap reached (live=3/3)
2026-08-24T13:37:35Z heartbeat: cap reached (live=3/3)
2026-08-24T13:54:10Z heartbeat: cap reached (live=3/3)
2026-08-24T14:20:30Z heartbeat: cap reached (live=3/3)
2026-08-24T14:56:30Z heartbeat: cap reached (live=3/3)
2026-08-24T15:57:00Z heartbeat: cap reached (live=3/3)
2026-08-24T16:16:40Z heartbeat: cap reached (live=3/3)
2026-08-24T16:34:51Z heartbeat: cap reached (live=3/3)
2026-08-24T17:03:00Z heartbeat: cap reached (live=3/3)
2026-08-24T17:20:38Z heartbeat: cap reached (live=3/3)
2026-08-24T17:53:40Z heartbeat: cap reached (live=3/3)
2026-08-24T18:19:31Z heartbeat: cap reached (live=3/3)
2026-08-24T18:41:00Z heartbeat: cap reached (live=3/3)
2026-08-24T18:52:50Z heartbeat: cap reached (live=3/3)
2026-08-24T19:18:30Z heartbeat: cap reached (live=3/3)
2026-08-24T19:57:00Z heartbeat: cap reached (live=3/3)
2026-08-24T20:33:30Z heartbeat: cap reached (live=3/3)
2026-08-24T20:58:00Z heartbeat: cap reached (live=3/3)
2026-08-24T21:21:01Z heartbeat: cap reached (live=3/3)
2026-08-24T21:33:00Z heartbeat: cap reached (live=3/3)
2026-08-24T21:53:41Z heartbeat: cap reached (live=3/3)
2026-08-24T22:37:00Z heartbeat: cap reached (live=3/3)
2026-08-24T22:52:00Z heartbeat: cap reached (live=3/3)
2026-08-24T23:59:01Z heartbeat: cap reached (live=3/3)
2026-08-25T00:12:00Z heartbeat: cap reached (live=3/3)
2026-08-25T00:38:20Z heartbeat: cap reached (live=3/3)
2026-08-25T00:58:00Z heartbeat: cap reached (live=3/3)
2026-08-25T01:12:00Z heartbeat: cap reached (live=3/3)
2026-08-25T01:38:00Z heartbeat: cap reached (live=3/3)
2026-08-25T01:54:30Z heartbeat: cap reached (live=3/3)
2026-08-25T02:12:30Z heartbeat: cap reached (live=3/3)
2026-08-25T02:38:56Z heartbeat: cap reached (live=3/3)
2026-08-25T02:56:30Z heartbeat: cap reached (live=3/3)
2026-08-25T04:16:00Z heartbeat: cap reached (live=3/3)
2026-08-25T04:40:00Z heartbeat: cap reached (live=3/3)
2026-08-25T04:56:00Z heartbeat: cap reached (live=3/3)
2026-08-25T05:14:00Z heartbeat: cap reached (live=3/3)
2026-08-25T05:33:00Z heartbeat: cap reached (live=3/3)
2026-08-25T06:12:00Z heartbeat: cap reached (live=3/3)
2026-08-25T06:39:34Z heartbeat: cap reached (live=3/3)
2026-08-25T06:58:30Z heartbeat: cap reached (live=3/3)
2026-08-25T07:15:30Z heartbeat: cap reached (live=3/3)
2026-08-25T07:37:00Z heartbeat: cap reached (live=3/3)
2026-08-25T07:58:32Z heartbeat: cap reached (live=3/3)
2026-08-25T08:17:58Z heartbeat: cap reached (live=3/3)
2026-08-25T08:36:13Z heartbeat: cap reached (live=3/3)
2026-08-25T09:17:30Z heartbeat: cap reached (live=3/3)
2026-08-25T09:46:11Z 00 paintball heartbeat_at stale (2026-08-25T06:24:12Z, ~196m) but session b1314909 pushed 9464fa2 at 09:34:33Z — treated as live, not adopted
2026-08-25T09:46:11Z heartbeat: cap reached (live=3/3)
2026-08-25T09:59:00Z heartbeat: cap reached (live=3/3)
2026-08-25T10:16:30Z heartbeat: cap reached (live=3/3)
2026-08-25T10:35:30Z heartbeat: cap reached (live=3/3)
2026-08-25T10:52:30Z heartbeat: cap reached (live=3/3)
2026-08-25T11:41:00Z heartbeat: cap reached (live=3/3)
2026-08-25T11:59:40Z heartbeat: cap reached (live=3/3)
2026-08-25T12:24:27Z heartbeat: cap reached (live=3/3)
2026-08-25T12:38:30Z heartbeat: cap reached (live=3/3)
2026-08-25T13:01:00Z heartbeat: cap reached (live=3/3)
2026-08-25T13:23:26Z heartbeat: cap reached (live=3/3)
2026-08-25T13:33:30Z heartbeat: cap reached (live=3/3)
2026-08-25T14:16:30Z heartbeat: cap reached (live=3/3)
2026-08-25T14:39:10Z heartbeat: cap reached (live=3/3)
2026-08-25T14:58:30Z heartbeat: cap reached (live=3/3)
2026-08-25T15:20:51Z heartbeat: cap reached (live=3/3)
2026-08-25T15:35:00Z heartbeat: cap reached (live=3/3)
2026-08-25T15:57:00Z heartbeat: cap reached (live=3/3)
2026-08-25T16:14:25Z heartbeat: cap reached (live=3/3)
2026-08-25T16:38:00Z heartbeat: cap reached (live=3/3)
2026-08-25T17:21:05Z heartbeat: cap reached (live=3/3)
2026-08-25T18:01:30Z heartbeat: cap reached (live=3/3)
2026-08-25T18:15:30Z heartbeat: cap reached (live=3/3)
2026-08-25T18:35:00Z heartbeat: cap reached (live=3/3)
2026-08-25T19:39:51Z heartbeat: cap reached (live=3/3)
2026-08-25T20:15:30Z heartbeat: cap reached (live=3/3)
2026-08-25T20:38:00Z heartbeat: cap reached (live=3/3)
2026-08-25T20:56:47Z heartbeat: cap reached (live=3/3)
2026-08-25T21:38:17Z heartbeat: cap reached (live=3/3)
2026-08-25T21:54:30Z heartbeat: cap reached (live=3/3)
2026-08-25T22:16:30Z heartbeat: cap reached (live=3/3)
2026-08-25T22:31:00Z heartbeat: cap reached (live=3/3)
2026-08-25T22:53:30Z heartbeat: cap reached (live=3/3)
2026-08-25T23:36:30Z heartbeat: cap reached (live=3/3)
2026-08-26T00:20:30Z heartbeat: cap reached (live=3/3)
2026-08-26T00:33:30Z heartbeat: cap reached (live=3/3)
2026-08-26T00:58:00Z heartbeat: cap reached (live=3/3)
2026-08-26T01:20:00Z heartbeat: cap reached (live=3/3)
2026-08-26T01:41:00Z heartbeat: cap reached (live=3/3)
2026-08-26T02:19:30Z heartbeat: cap reached (live=3/3)
2026-08-26T02:36:00Z heartbeat: cap reached (live=3/3)
2026-08-26T02:53:50Z heartbeat: cap reached (live=3/3)
2026-08-26T03:18:04Z heartbeat: cap reached (live=3/3)
2026-08-26T03:39:00Z heartbeat: cap reached (live=3/3)
2026-08-26T03:53:00Z heartbeat: cap reached (live=3/3)
2026-08-26T04:18:29Z heartbeat: cap reached (live=3/3)
2026-08-26T04:39:00Z heartbeat: cap reached (live=3/3)
2026-08-26T05:14:00Z heartbeat: cap reached (live=3/3)
2026-08-26T05:40:00Z heartbeat: cap reached (live=3/3)
2026-08-26T06:22:32Z heartbeat: cap reached (live=3/3)
2026-08-26T06:33:44Z heartbeat: cap reached (live=3/3)
2026-08-26T07:14:00Z heartbeat: cap reached (live=3/3)
2026-08-26T07:39:00Z heartbeat: cap reached (live=3/3)
2026-08-26T07:56:30Z heartbeat: cap reached (live=3/3)
2026-08-26T08:14:30Z heartbeat: cap reached (live=3/3)
2026-08-26T08:57:00Z heartbeat: cap reached (live=3/3)
2026-08-26T09:20:00Z heartbeat: cap reached (live=3/3)
2026-08-26T09:59:42Z heartbeat: cap reached (live=3/3)
2026-08-26T10:20:30Z heartbeat: cap reached (live=3/3)
2026-08-26T10:37:00Z heartbeat: cap reached (live=3/3)
2026-08-26T11:01:00Z heartbeat: cap reached (live=3/3)
2026-08-26T11:19:30Z heartbeat: cap reached (live=3/3)
2026-08-26T11:38:28Z heartbeat: cap reached (live=3/3)
2026-08-26T12:14:30Z heartbeat: cap reached (live=3/3)
2026-08-26T12:59:30Z heartbeat: cap reached (live=3/3)
2026-08-26T13:16:00Z heartbeat: cap reached (live=3/3)
2026-08-26T13:34:00Z heartbeat: cap reached (live=3/3)
2026-08-26T13:59:30Z heartbeat: cap reached (live=3/3)
2026-08-26T14:14:30Z heartbeat: cap reached (live=3/3)
2026-08-26T14:59:30Z heartbeat: cap reached (live=3/3)
2026-08-26T15:22:00Z heartbeat: cap reached (live=3/3)
2026-08-26T15:41:00Z heartbeat: cap reached (live=3/3)
2026-08-26T15:57:30Z heartbeat: cap reached (live=3/3)
2026-08-26T16:36:30Z heartbeat: cap reached (live=3/3)
2026-08-26T17:16:30Z heartbeat: cap reached (live=3/3)
2026-08-26T17:40:00Z heartbeat: cap reached (live=3/3)
2026-08-26T17:58:16Z heartbeat: cap reached (live=3/3)
2026-08-26T18:13:30Z heartbeat: cap reached (live=3/3)
2026-08-26T18:58:30Z heartbeat: cap reached (live=3/3)
2026-08-26T19:17:30Z heartbeat: cap reached (live=3/3)
2026-08-26T19:35:44Z heartbeat: cap reached (live=3/3)
2026-08-26T20:36:30Z heartbeat: cap reached (live=3/3)
2026-08-26T20:57:30Z heartbeat: cap reached (live=3/3)
2026-08-26T21:13:30Z heartbeat: cap reached (live=3/3)
2026-08-26T21:58:45Z heartbeat: cap reached (live=3/3)
2026-08-26T22:17:30Z heartbeat: cap reached (live=3/3)
2026-08-26T22:35:39Z heartbeat: cap reached (live=3/3)
2026-08-26T23:00:52Z heartbeat: cap reached (live=3/3)
2026-08-26T23:44:07Z heartbeat: cap reached (live=3/3)
2026-08-26T23:59:30Z heartbeat: cap reached (live=3/3)
2026-08-27T00:40:26Z heartbeat: cap reached (live=3/3)
2026-08-27T00:55:48Z heartbeat: cap reached (live=3/3)
2026-08-27T01:38:30Z heartbeat: cap reached (live=3/3)
2026-08-27T01:59:00Z heartbeat: cap reached (live=3/3)
2026-08-27T02:21:36Z heartbeat: cap reached (live=3/3)
2026-08-27T03:03:25Z heartbeat: cap reached (live=3/3)
2026-08-27T03:15:07Z heartbeat: cap reached (live=3/3)
2026-08-27T03:35:30Z heartbeat: cap reached (live=3/3)
2026-08-27T04:18:30Z heartbeat: cap reached (live=3/3)
2026-08-27T04:37:00Z heartbeat: cap reached (live=3/3)
2026-08-27T05:20:30Z heartbeat: cap reached (live=3/3)
2026-08-27T05:32:00Z heartbeat: cap reached (live=3/3)
2026-08-27T06:14:30Z heartbeat: cap reached (live=3/3)
2026-08-27T06:40:18Z heartbeat: cap reached (live=3/3)
2026-08-27T06:53:30Z heartbeat: cap reached (live=3/3)
2026-08-27T07:19:58Z heartbeat: cap reached (live=3/3)
2026-08-27T07:38:00Z heartbeat: cap reached (live=3/3)
2026-08-27T07:58:00Z heartbeat: cap reached (live=3/3)
2026-08-27T08:38:16Z heartbeat: cap reached (live=3/3)
2026-08-27T08:59:30Z heartbeat: cap reached (live=3/3)
2026-08-27T09:14:00Z heartbeat: cap reached (live=3/3)
2026-08-27T09:16:00Z 00 yield run=2026-08-27-grf-football to=session dff7febc (resumed at phase 20 while session a0f36af8 was blocked in builder thread; builder thread since reported green ci 33056333886 at 9edae99 — repo-side docs carry its notes; run now at phase 30 r1 under dff7febc)
2026-08-27T09:41:00Z heartbeat: cap reached (live=3/3)
2026-08-27T10:00:16Z heartbeat: cap reached (live=3/3)
2026-08-27T10:14:30Z heartbeat: cap reached (live=3/3)
2026-08-27T10:40:30Z heartbeat: cap reached (live=3/3)
2026-08-27T11:15:33Z heartbeat: cap reached (live=3/3)
2026-08-27T11:36:51Z heartbeat: cap reached (live=3/3)
2026-08-27T12:40:30Z heartbeat: cap reached (live=3/3)
2026-08-27T12:54:00Z heartbeat: cap reached (live=3/3)
2026-08-27T13:11:00Z heartbeat: cap reached (live=3/3)
2026-08-27T13:39:00Z heartbeat: cap reached (live=3/3)
2026-08-27T14:02:24Z heartbeat: cap reached (live=3/3)
2026-08-27T14:16:12Z heartbeat: cap reached (live=3/3)
2026-08-27T14:39:55Z heartbeat: cap reached (live=3/3)
2026-08-27T14:59:19Z heartbeat: cap reached (live=3/3)
2026-08-27T15:19:00Z heartbeat: cap reached (live=3/3)
2026-08-27T15:42:00Z heartbeat: cap reached (live=3/3)
2026-08-27T16:17:22Z heartbeat: cap reached (live=3/3)
2026-08-27T16:37:00Z heartbeat: cap reached (live=3/3)
2026-08-27T16:53:30Z heartbeat: cap reached (live=3/3)
2026-08-27T17:16:00Z heartbeat: cap reached (live=3/3)
2026-08-27T17:39:00Z heartbeat: cap reached (live=3/3)
2026-08-27T18:01:06Z heartbeat: cap reached (live=3/3)
2026-08-27T18:21:00Z heartbeat: cap reached (live=3/3)
2026-08-27T18:43:00Z heartbeat: cap reached (live=3/3)
2026-08-27T18:59:56Z heartbeat: cap reached (live=3/3)
2026-08-27T20:01:30Z heartbeat: cap reached (live=3/3)
2026-08-27T20:18:00Z heartbeat: cap reached (live=3/3)
2026-08-27T20:40:30Z heartbeat: cap reached (live=3/3)
2026-08-27T20:53:00Z heartbeat: cap reached (live=3/3)
2026-08-27T21:38:22Z heartbeat: cap reached (live=3/3)
2026-08-27T22:02:00Z heartbeat: cap reached (live=3/3)
2026-08-27T22:20:30Z 00 skipped idea=1217748613307786 reason="EXTENSION of games/proxywar / coworld-arton — not startable from the six starters; pipeline cannot modify another coworld's repo or live league" card=1217944774752732
2026-08-27T22:38:00Z heartbeat: cap reached (live=3/3)
2026-08-27T22:57:00Z heartbeat: cap reached (live=3/3)
2026-08-27T23:36:00Z heartbeat: cap reached (live=3/3)
2026-08-27T23:57:00Z heartbeat: cap reached (live=3/3)
2026-08-28T00:15:00Z heartbeat: cap reached (live=3/3)
2026-08-28T00:37:30Z heartbeat: cap reached (live=3/3)
2026-08-28T00:53:30Z heartbeat: cap reached (live=3/3)
2026-08-28T01:12:00Z heartbeat: cap reached (live=3/3)
2026-08-28T01:38:37Z heartbeat: cap reached (live=3/3)
2026-08-28T01:58:32Z heartbeat: cap reached (live=3/3)
2026-08-28T02:13:12Z heartbeat: cap reached (live=3/3)
2026-08-28T02:32:00Z heartbeat: cap reached (live=3/3)
2026-08-28T03:36:30Z heartbeat: cap reached (live=3/3)
2026-08-28T04:00:39Z heartbeat: cap reached (live=3/3)
2026-08-28T04:16:58Z heartbeat: cap reached (live=3/3)
2026-08-28T04:38:30Z heartbeat: cap reached (live=3/3)
2026-08-28T04:57:00Z heartbeat: cap reached (live=3/3)
2026-08-28T05:14:30Z heartbeat: cap reached (live=3/3)
2026-08-28T05:32:30Z heartbeat: cap reached (live=3/3)
2026-08-28T05:59:00Z heartbeat: cap reached (live=3/3)
2026-08-28T06:13:00Z heartbeat: cap reached (live=3/3)
2026-08-28T06:40:30Z heartbeat: cap reached (live=3/3)
2026-08-28T06:58:30Z heartbeat: cap reached (live=3/3)
2026-08-28T07:37:03Z heartbeat: cap reached (live=3/3)
2026-08-28T07:55:30Z heartbeat: cap reached (live=3/3)
2026-08-28T08:21:32Z heartbeat: cap reached (live=3/3)
2026-08-28T08:53:50Z heartbeat: cap reached (live=3/3)
2026-08-28T09:36:00Z heartbeat: cap reached (live=3/3)
2026-08-28T10:00:56Z heartbeat: cap reached (live=3/3)
2026-08-28T10:19:00Z heartbeat: cap reached (live=3/3)
2026-08-28T10:41:00Z heartbeat: cap reached (live=3/3)
2026-08-28T10:56:00Z heartbeat: cap reached (live=3/3)
2026-08-28T11:21:00Z heartbeat: cap reached (live=3/3)
2026-08-28T11:38:30Z heartbeat: cap reached (live=3/3)
2026-08-28T11:57:14Z heartbeat: cap reached (live=3/3)
2026-08-28T12:19:30Z heartbeat: cap reached (live=3/3)
2026-08-28T12:55:00Z heartbeat: cap reached (live=3/3)
2026-08-28T13:38:30Z heartbeat: cap reached (live=3/3)
2026-08-28T13:58:30Z heartbeat: cap reached (live=3/3)
2026-08-28T14:14:30Z heartbeat: cap reached (live=3/3)
2026-08-28T14:35:33Z heartbeat: cap reached (live=3/3)
2026-08-28T14:59:30Z heartbeat: cap reached (live=3/3)
2026-08-28T15:18:30Z heartbeat: cap reached (live=3/3)
2026-08-28T15:41:00Z heartbeat: cap reached (live=3/3)
2026-08-28T16:37:30Z heartbeat: cap reached (live=3/3)
2026-08-28T16:54:30Z heartbeat: cap reached (live=3/3)
2026-08-28T17:18:16Z heartbeat: cap reached (live=3/3)
2026-08-28T17:35:00Z heartbeat: cap reached (live=3/3)
2026-08-28T17:58:56Z heartbeat: cap reached (live=3/3)
2026-08-28T18:21:30Z heartbeat: cap reached (live=3/3)
2026-08-28T18:58:30Z heartbeat: cap reached (live=3/3)
2026-08-28T19:17:44Z heartbeat: cap reached (live=3/3)
2026-08-28T20:03:30Z heartbeat: cap reached (live=3/3)
2026-08-28T20:15:29Z heartbeat: cap reached (live=3/3)
2026-08-28T20:41:30Z heartbeat: cap reached (live=3/3)
2026-08-28T20:56:17Z heartbeat: cap reached (live=3/3)
2026-08-28T21:19:00Z heartbeat: cap reached (live=3/3)
2026-08-28T21:37:04Z heartbeat: cap reached (live=3/3)
2026-08-28T22:02:22Z heartbeat: cap reached (live=3/3)
2026-08-28T22:12:13Z heartbeat: cap reached (live=3/3)
2026-08-28T22:42:20Z heartbeat: cap reached (live=3/3)
2026-08-28T23:24:08Z 00 skipped idea=1217965069486142 reason="pinned framework Metta-AI/polyworld is private and not one of the six starters; human-in-the-loop 3D mode unsupported; 2D remap materially different" card=1217965070769672
2026-08-28T23:38:30Z heartbeat: cap reached (live=3/3)
2026-08-28T23:57:30Z heartbeat: cap reached (live=3/3)
2026-08-29T00:21:00Z heartbeat: cap reached (live=3/3)
2026-08-29T00:33:32Z heartbeat: cap reached (live=3/3)
2026-08-29T00:57:00Z heartbeat: cap reached (live=3/3)
2026-08-29T01:20:53Z heartbeat: cap reached (live=3/3)
2026-08-29T01:32:00Z heartbeat: cap reached (live=3/3)
2026-08-29T01:55:53Z heartbeat: cap reached (live=3/3)
2026-08-29T02:16:30Z heartbeat: cap reached (live=3/3)
2026-08-29T02:35:00Z heartbeat: cap reached (live=3/3)
2026-08-29T03:02:10Z heartbeat: cap reached (live=3/3)
2026-08-29T03:18:59Z heartbeat: cap reached (live=3/3)
2026-08-29T03:41:30Z heartbeat: cap reached (live=3/3)
2026-08-29T03:57:00Z heartbeat: cap reached (live=3/3)
2026-08-29T04:22:40Z heartbeat: cap reached (live=3/3)
2026-08-29T04:31:57Z heartbeat: cap reached (live=3/3)
2026-08-29T05:34:00Z heartbeat: cap reached (live=3/3)
2026-08-29T05:52:00Z heartbeat: cap reached (live=3/3)
2026-08-29T06:14:05Z heartbeat: cap reached (live=3/3)
2026-08-29T07:02:40Z heartbeat: cap reached (live=3/3)
2026-08-29T07:41:00Z heartbeat: cap reached (live=3/3)
2026-08-29T07:56:46Z heartbeat: cap reached (live=3/3)
2026-08-29T08:59:00Z heartbeat: cap reached (live=3/3)
2026-08-29T09:07:30Z 00 yield run=2026-08-29-sokoban to=session-360af56b (own heartbeat went stale >180min inside phase-20 builder thread; run legitimately resumed 08:36Z; second trace left at reviews/r1-review-b.md for the owner to merge; this session exits without further run writes)
2026-08-29T09:19:40Z heartbeat: cap reached (live=3/3)
2026-08-29T09:41:08Z heartbeat: cap reached (live=3/3)
2026-08-29T09:53:30Z heartbeat: cap reached (live=3/3)
2026-08-29T10:19:00Z heartbeat: cap reached (live=3/3)
2026-08-29T10:35:44Z heartbeat: cap reached (live=3/3)
2026-08-29T10:57:59Z heartbeat: cap reached (live=3/3)
2026-08-29T11:38:59Z 00 idle: 3 blocked runs, not claiming
2026-08-29T11:55:00Z 00 idle: 3 blocked runs, not claiming
2026-08-29T12:11:00Z 00 idle: 3 blocked runs, not claiming
2026-08-29T12:41:00Z 00 idle: 3 blocked runs, not claiming
2026-08-29T12:52:00Z 00 idle: 3 blocked runs, not claiming
2026-08-29T13:18:00Z 00 idle: 3 blocked runs, not claiming
2026-08-29T13:37:14Z 00 idle: 3 blocked runs, not claiming
2026-08-29T13:56:30Z 00 idle: 4 blocked runs, not claiming
2026-08-29T14:14:00Z 00 idle: 4 blocked runs, not claiming
2026-08-29T14:35:00Z 00 idle: 4 blocked runs, not claiming
2026-08-29T15:00:30Z 00 idle: 4 blocked runs, not claiming
2026-08-29T15:18:00Z 00 idle: 4 blocked runs, not claiming
2026-08-29T15:41:00Z 00 idle: 4 blocked runs, not claiming
2026-08-29T15:54:56Z 00 idle: 4 blocked runs, not claiming
2026-08-29T16:15:30Z 00 idle: 4 blocked runs, not claiming
2026-08-29T16:41:00Z 00 idle: 4 blocked runs, not claiming
2026-08-29T16:56:30Z 00 idle: 4 blocked runs, not claiming
2026-08-29T17:19:45Z 00 idle: 4 blocked runs, not claiming
2026-08-29T17:39:28Z 00 idle: 4 blocked runs, not claiming
2026-08-29T17:55:15Z 00 idle: 4 blocked runs, not claiming
2026-08-29T18:22:06Z 00 idle: 4 blocked runs, not claiming
2026-08-29T18:38:40Z 00 idle: 4 blocked runs, not claiming
2026-08-29T18:59:33Z 00 idle: 4 blocked runs, not claiming
2026-08-29T19:21:40Z 00 idle: 4 blocked runs, not claiming
2026-08-29T19:41:30Z 00 idle: 4 blocked runs, not claiming
2026-08-29T19:59:51Z 00 idle: 4 blocked runs, not claiming
2026-08-29T20:14:30Z 00 idle: 4 blocked runs, not claiming
2026-08-29T20:41:19Z 00 idle: 4 blocked runs, not claiming
2026-08-29T21:03:06Z 00 idle: 4 blocked runs, not claiming (subtasks 1217968974654490/1217982805347662/1217968147950044/1217809924523748 all open; ladder leagues 62a1e77b/81761ec5/390fe9da still 0 rounds)
2026-08-29T21:18:30Z 00 idle: 4 blocked runs, not claiming
2026-08-29T21:35:51Z 00 idle: 4 blocked runs, not claiming (subtasks 1217968974654490/1217982805347662/1217968147950044/1217809924523748 all open; ladder leagues 62a1e77b/81761ec5/390fe9da still 0 rounds)
2026-08-29T22:02:30Z 00 idle: 4 blocked runs, not claiming (subtasks 1217968974654490/1217982805347662/1217968147950044/1217809924523748 all open; ladder leagues 62a1e77b/81761ec5/390fe9da still 0 rounds)
2026-08-29T22:15:00Z 00 idle: 4 blocked runs, not claiming (subtasks 1217968974654490/1217982805347662/1217968147950044/1217809924523748 all open; ladder leagues 62a1e77b/81761ec5/390fe9da still 0 rounds)
2026-08-29T22:38:00Z 00 idle: 4 blocked runs, not claiming
2026-08-29T22:58:00Z 00 idle: 4 blocked runs, not claiming (subtasks 1217968974654490/1217982805347662/1217968147950044/1217809924523748 all open; ladder leagues 62a1e77b/81761ec5/390fe9da still 0 rounds)
2026-08-29T23:19:30Z 00 idle: 4 blocked runs, not claiming
2026-08-29T23:37:00Z 00 idle: 4 blocked runs, not claiming (subtasks 1217968974654490/1217982805347662/1217968147950044/1217809924523748 all open; ladder leagues 62a1e77b/81761ec5/390fe9da still 0 rounds)
2026-08-29T23:59:30Z 00 idle: 4 blocked runs, not claiming (subtasks 1217968974654490/1217982805347662/1217968147950044/1217809924523748 all open; ladder leagues 62a1e77b/81761ec5/390fe9da still 0 rounds)
2026-08-30T00:20:30Z 00 idle: 4 blocked runs, not claiming (subtasks 1217968974654490/1217982805347662/1217968147950044/1217809924523748 all open; ladder leagues 62a1e77b/81761ec5/390fe9da still 0 rounds)
2026-08-30T00:35:00Z 00 idle: 4 blocked runs, not claiming (subtasks 1217968974654490/1217982805347662/1217968147950044/1217809924523748 all open; ladder leagues 62a1e77b/81761ec5/390fe9da still 0 rounds)
2026-08-30T00:57:52Z 00 idle: 4 blocked runs, not claiming (subtasks 1217968974654490/1217982805347662/1217968147950044/1217809924523748 all open; ladder leagues 62a1e77b/81761ec5/390fe9da still 0 rounds)
2026-08-30T01:19:30Z 00 idle: 4 blocked runs, not claiming (subtasks 1217968974654490/1217982805347662/1217968147950044/1217809924523748 all open; ladder leagues 62a1e77b/81761ec5/390fe9da still 0 rounds)
2026-08-30T01:44:30Z 00 idle: 4 blocked runs, not claiming (subtasks 1217968974654490/1217982805347662/1217968147950044/1217809924523748 all open; ladder leagues 62a1e77b/81761ec5/390fe9da still 0 rounds)
2026-08-30T02:00:06Z 00 idle: 4 blocked runs, not claiming (subtasks 1217968974654490/1217982805347662/1217968147950044/1217809924523748 all open; ladder leagues 62a1e77b/81761ec5/390fe9da still 0 rounds)
2026-08-30T02:21:30Z 00 idle: 4 blocked runs, not claiming
2026-08-30T02:36:00Z 00 idle: 4 blocked runs, not claiming
2026-08-30T03:16:00Z 00 idle: 4 blocked runs, not claiming (ladder incident persists: leagues 62a1e77b/81761ec5/390fe9da still 0 rounds at 03:15Z; all 4 BLOCKED subtasks open)
2026-08-30T03:33:30Z 00 idle: 4 blocked runs, not claiming (subtasks 1217968974654490/1217982805347662/1217968147950044/1217809924523748 all open; ladder leagues 62a1e77b/81761ec5/390fe9da still 0 rounds at 03:33Z)
2026-08-30T03:59:51Z 00 idle: 4 blocked runs, not claiming (subtasks 1217968974654490/1217982805347662/1217968147950044/1217809924523748 all open; ladder leagues 62a1e77b/81761ec5/390fe9da still 0 rounds at 2026-08-30T03:59:51Z)
2026-08-30T04:16:08Z 00 idle: 4 blocked runs, not claiming (subtasks 1217968974654490/1217982805347662/1217968147950044/1217809924523748 all open; ladder leagues 62a1e77b/81761ec5/390fe9da still 0 rounds at 2026-08-30T04:16:08Z)
2026-08-30T04:41:05Z 00 idle: 4 blocked runs, not claiming (subtasks 1217968974654490/1217982805347662/1217968147950044/1217809924523748 all open; ladder leagues 62a1e77b/81761ec5/390fe9da still 0 rounds at 2026-08-30T04:41:05Z)
2026-08-30T04:53:02Z 00 idle: 4 blocked runs, not claiming
2026-08-30T05:17:21Z 00 idle: 4 blocked runs, not claiming (subtasks 1217968974654490/1217982805347662/1217968147950044/1217809924523748 all open; ladder leagues 62a1e77b/81761ec5/390fe9da still 0 rounds at 2026-08-30T05:17:21Z)
2026-08-30T05:33:42Z 00 idle: 4 blocked runs, not claiming (subtasks 1217968974654490/1217982805347662/1217968147950044/1217809924523748 all open; ladder leagues 62a1e77b/81761ec5/390fe9da still 0 rounds at 2026-08-30T05:33:42Z)
2026-08-30T05:56:00Z 00 idle: 4 blocked runs, not claiming
2026-08-30T06:23:00Z 00 idle: 4 blocked runs, not claiming (ladder leagues 62a1e77b/81761ec5/390fe9da still 0 rounds; all 4 BLOCKED subtasks open)
2026-08-30T06:33:00Z 00 idle: 4 blocked runs, not claiming
2026-08-30T06:57:00Z 00 idle: 4 blocked runs, not claiming (blocked subtasks 1217968974654490, 1217982805347662, 1217968147950044, 1217809924523748 all open; ladder leagues 62a1e77b/81761ec5/390fe9da still 0 rounds at 06:56Z — Temporal incident persists)
2026-08-30T07:17:32Z 00 idle: 4 blocked runs, not claiming (subtasks 1217968974654490/1217982805347662/1217968147950044/1217809924523748 all open; ladder leagues 62a1e77b/81761ec5/390fe9da still 0 rounds at 2026-08-30T07:17:32Z — Temporal incident persists)
2026-08-30T07:38:08Z 00 idle: 4 blocked runs, not claiming (subtasks 1217968974654490/1217982805347662/1217968147950044/1217809924523748 all open; ladder leagues 62a1e77b/81761ec5/390fe9da still 0 rounds at 2026-08-30T07:38:08Z — Temporal incident persists)
2026-08-30T08:02:47Z 00 idle: 4 blocked runs, not claiming (subtasks 1217968974654490/1217982805347662/1217968147950044/1217809924523748 all open; ladder leagues 62a1e77b/81761ec5/390fe9da still 0 rounds at 2026-08-30T08:02:47Z — Temporal incident persists)
2026-08-30T08:15:38Z 00 idle: 4 blocked runs, not claiming (subtasks 1217968974654490/1217982805347662/1217968147950044/1217809924523748 all open; ladder leagues 62a1e77b/81761ec5/390fe9da still 0 rounds at 2026-08-30T08:15:38Z — Temporal incident persists)
2026-08-30T08:35:00Z 00 idle: 4 blocked runs, not claiming
2026-08-30T08:59:30Z 00 idle: 4 blocked runs, not claiming
2026-08-30T09:15:30Z 00 idle: 4 blocked runs, not claiming
2026-08-30T09:40:08Z 00 idle: 4 blocked runs, not claiming (subtasks 1217968974654490/1217982805347662/1217968147950044/1217809924523748 all open; ladder leagues 62a1e77b/81761ec5/390fe9da still 0 rounds at 2026-08-30T09:40:08Z — Temporal incident persists)
2026-08-30T09:59:54Z 00 idle: 4 blocked runs, not claiming (subtasks 1217968974654490/1217982805347662/1217968147950044/1217809924523748 all open; ladder leagues 62a1e77b/81761ec5/390fe9da still 0 rounds at 2026-08-30T09:59:54Z — Temporal incident persists)
2026-08-30T10:14:30Z 00 idle: 4 blocked runs, not claiming
2026-08-30T10:41:19Z 00 idle: 4 blocked runs, not claiming (subtasks 1217968974654490/1217982805347662/1217968147950044/1217809924523748 all open; ladder leagues 62a1e77b/81761ec5/390fe9da still 0 rounds at 2026-08-30T10:41:19Z — Temporal incident persists)
2026-08-30T11:01:01Z 00 idle: 4 blocked runs, not claiming
2026-08-30T11:15:40Z 00 idle: 4 blocked runs, not claiming (subtasks 1217968974654490/1217982805347662/1217968147950044/1217809924523748 all open)
2026-08-30T11:38:44Z 00 idle: 4 blocked runs, not claiming (subtasks 1217968974654490/1217982805347662/1217968147950044/1217809924523748 all open)
2026-08-30T11:59:36Z 00 idle: 4 blocked runs, not claiming (subtasks 1217968974654490/1217982805347662/1217968147950044/1217809924523748 all open; ladder leagues 62a1e77b/81761ec5/390fe9da still 0 rounds at 2026-08-30T11:59:36Z — Temporal incident persists)
2026-08-30T12:15:00Z 00 idle: 4 blocked runs, not claiming
2026-08-30T12:40:42Z 00 idle: 4 blocked runs, not claiming (subtasks 1217968974654490/1217982805347662/1217968147950044/1217809924523748 all open; ladder leagues 62a1e77b/81761ec5/390fe9da still 0 rounds at 2026-08-30T12:40:42Z — Temporal incident persists)
2026-08-30T13:01:02Z 00 idle: 4 blocked runs, not claiming (subtasks 1217968974654490/1217982805347662/1217968147950044/1217809924523748 all open; ladder leagues 62a1e77b/81761ec5/390fe9da still 0 rounds at 2026-08-30T13:01:02Z — Temporal incident persists)
2026-08-30T13:11:16Z 00 idle: 4 blocked runs, not claiming
2026-08-30T13:33:30Z 00 idle: 4 blocked runs, not claiming
2026-08-30T14:02:19Z 00 idle: 4 blocked runs, not claiming (subtasks 1217968974654490/1217982805347662/1217968147950044/1217809924523748 all open; ladder leagues 62a1e77b/81761ec5/390fe9da still 0 rounds at 2026-08-30T14:02:19Z — Temporal incident persists)
2026-08-30T14:19:53Z 00 idle: 4 blocked runs, not claiming
2026-08-30T14:35:30Z 00 idle: 4 blocked runs, not claiming
2026-08-30T14:57:00Z 00 idle: 4 blocked runs, not claiming
2026-08-30T15:14:00Z 00 idle: 4 blocked runs, not claiming
2026-08-30T15:39:30Z 00 idle: 4 blocked runs, not claiming (subtasks 1217968974654490/1217982805347662/1217968147950044/1217809924523748 all open; ladder leagues 62a1e77b/81761ec5/390fe9da still 0 rounds at 2026-08-30T15:39:30Z — Temporal incident persists)
2026-08-30T15:58:24Z 00 idle: 4 blocked runs, not claiming (subtasks 1217968974654490/1217982805347662/1217968147950044/1217809924523748 all open; ladder leagues 62a1e77b/81761ec5/390fe9da still 0 rounds at 2026-08-30T15:58:24Z — Temporal incident persists)
2026-08-30T16:19:00Z 00 idle: 4 blocked runs, not claiming
2026-08-30T16:34:38Z 00 idle: 4 blocked runs, not claiming (subtasks 1217968974654490/1217982805347662/1217968147950044/1217809924523748 all open; ladder leagues 62a1e77b/81761ec5/390fe9da still 0 rounds at 2026-08-30T16:34:38Z — Temporal incident persists)
2026-08-30T16:56:29Z 00 idle: 4 blocked runs, not claiming
2026-08-30T17:17:00Z 00 idle: 4 blocked runs, not claiming
2026-08-30T17:36:00Z 00 idle: 4 blocked runs, not claiming
2026-08-30T17:56:37Z 00 idle: 4 blocked runs, not claiming
2026-08-30T18:16:00Z 00 idle: 4 blocked runs, not claiming
2026-08-30T18:36:30Z 00 idle: 4 blocked runs, not claiming
2026-08-30T18:57:00Z 00 idle: 4 blocked runs, not claiming
2026-08-30T19:16:00Z 00 idle: 4 blocked runs, not claiming (subtasks 1217968974654490/1217982805347662/1217968147950044/1217809924523748 all still open)
2026-08-30T19:36:51Z 00 idle: 4 blocked runs, not claiming (subtasks 1217968974654490/1217982805347662/1217968147950044/1217809924523748 all still open)
2026-08-30T19:58:30Z 00 idle: 4 blocked runs, not claiming (subtasks 1217968974654490/1217982805347662/1217968147950044/1217809924523748 all still open; leagues 62a1e77b/81761ec5/390fe9da still 0 rounds)
2026-08-30T20:15:00Z 00 idle: 4 blocked runs, not claiming
2026-08-30T20:39:30Z 00 idle: 4 blocked runs, not claiming
2026-08-30T20:57:30Z 00 idle: 4 blocked runs, not claiming (subtasks 1217968974654490/1217982805347662/1217968147950044/1217809924523748 all still open; leagues 62a1e77b/81761ec5/390fe9da still 0 rounds)
2026-08-30T21:20:30Z 00 idle: 4 blocked runs, not claiming
2026-08-30T21:38:00Z 00 idle: 4 blocked runs, not claiming
2026-08-30T21:59:00Z 00 idle: 4 blocked runs, not claiming
2026-08-30T22:14:30Z 00 idle: 4 blocked runs, not claiming (subtasks 1217968974654490/1217982805347662/1217968147950044/1217809924523748 all still open; leagues 62a1e77b/81761ec5/390fe9da still 0 rounds at 2026-08-30T22:14:30Z — Temporal incident persists)
2026-08-30T22:36:30Z 00 idle: 4 blocked runs, not claiming
2026-08-30T22:59:30Z 00 idle: 4 blocked runs, not claiming
2026-08-30T23:16:30Z 00 idle: 4 blocked runs, not claiming (subtasks 1217968974654490/1217982805347662/1217968147950044/1217809924523748 all still open; leagues 62a1e77b/81761ec5/390fe9da still 0 rounds at 2026-08-30T23:16:30Z — Temporal incident persists)
2026-08-30T23:42:51Z 00 idle: 4 blocked runs, not claiming (subtasks 1217968974654490/1217982805347662/1217968147950044/1217809924523748 all still open; leagues 62a1e77b/81761ec5/390fe9da still 0 rounds at 2026-08-30T23:42:51Z — Temporal incident persists)
2026-08-30T23:55:55Z 00 idle: 4 blocked runs, not claiming (subtasks 1217968974654490/1217982805347662/1217968147950044/1217809924523748 all still open; leagues 62a1e77b/81761ec5/390fe9da still 0 rounds at 2026-08-30T23:55:55Z — Temporal incident persists)
2026-08-31T00:22:00Z 00 idle: 4 blocked runs, not claiming
2026-08-31T00:34:41Z 00 idle: 4 blocked runs, not claiming
2026-08-31T01:03:34Z 00 idle: 4 blocked runs, not claiming (subtasks 1217968974654490/1217982805347662/1217968147950044/1217809924523748 all still open; leagues 62a1e77b/81761ec5/390fe9da still 0 rounds at 2026-08-31T01:03:34Z — Temporal incident persists)
2026-08-31T01:20:30Z 00 idle: 4 blocked runs, not claiming
2026-08-31T01:40:30Z 00 idle: 4 blocked runs, not claiming (subtasks 1217968974654490/1217982805347662/1217968147950044/1217809924523748 all still open)
2026-08-31T01:55:00Z 00 idle: 4 blocked runs, not claiming
2026-08-31T02:17:00Z 00 idle: 4 blocked runs, not claiming
2026-08-31T02:37:16Z 00 idle: 4 blocked runs, not claiming (subtasks 1217968974654490/1217982805347662/1217968147950044/1217809924523748 all still open; leagues 62a1e77b/81761ec5/390fe9da still 0 rounds at 2026-08-31T02:37:16Z — Temporal incident persists)
2026-08-31T02:59:00Z 00 idle: 4 blocked runs, not claiming
2026-08-31T03:20:55Z 00 idle: 4 blocked runs, not claiming
2026-08-31T03:36:35Z 00 idle: 4 blocked runs, not claiming
2026-08-31T03:56:30Z 00 idle: 4 blocked runs, not claiming (subtasks 1217968974654490/1217982805347662/1217968147950044/1217809924523748 all still open; leagues 62a1e77b/81761ec5/390fe9da still 0 rounds at 2026-08-31T03:56:30Z — Temporal incident persists)
2026-08-31T04:20:53Z 00 idle: 4 blocked runs, not claiming (subtasks 1217968974654490/1217982805347662/1217968147950044/1217809924523748 all open; ladder leagues 62a1e77b/81761ec5/390fe9da still 0 rounds)
2026-08-31T04:40:04Z 00 idle: 4 blocked runs, not claiming (subtasks 1217968974654490/1217982805347662/1217968147950044/1217809924523748 all open; ladder leagues 62a1e77b/81761ec5/390fe9da still 0 rounds — Temporal incident persists)
2026-08-31T04:57:00Z 00 idle: 4 blocked runs, not claiming
2026-08-31T05:16:48Z 00 idle: 4 blocked runs, not claiming (subtasks 1217968974654490/1217982805347662/1217968147950044/1217809924523748 all still open)
2026-08-31T05:35:19Z 00 idle: 4 blocked runs, not claiming (subtasks 1217968974654490/1217982805347662/1217968147950044/1217809924523748 all still open; leagues 62a1e77b/81761ec5/390fe9da still 0 rounds — Temporal incident persists)
2026-08-31T05:59:30Z 00 idle: 4 blocked runs, not claiming
2026-08-31T06:15:30Z 00 idle: 4 blocked runs, not claiming
2026-08-31T06:33:30Z 00 idle: 4 blocked runs, not claiming (subtasks 1217968974654490/1217982805347662/1217968147950044/1217809924523748 all still open; leagues 62a1e77b/81761ec5/390fe9da still 0 rounds — Temporal incident persists)
2026-08-31T06:55:22Z 00 idle: 4 blocked runs, not claiming (subtasks 1217968974654490/1217982805347662/1217968147950044/1217809924523748 all still open; leagues 62a1e77b/81761ec5/390fe9da still 0 rounds at 2026-08-31T06:55:22Z — Temporal incident persists)
2026-08-31T07:14:30Z 00 idle: 4 blocked runs, not claiming
2026-08-31T07:38:23Z 00 idle: 4 blocked runs, not claiming (subtasks 1217968974654490/1217982805347662/1217968147950044/1217809924523748 all still open; leagues 62a1e77b/81761ec5/390fe9da still 0 rounds at 2026-08-31T07:38:23Z — Temporal incident persists)
2026-08-31T07:56:30Z 00 idle: 4 blocked runs, not claiming
2026-08-31T08:16:30Z 00 idle: 4 blocked runs, not claiming
2026-08-31T08:41:41Z 00 idle: 4 blocked runs, not claiming
2026-08-31T08:59:52Z 00 idle: 4 blocked runs, not claiming (subtasks 1217968974654490/1217982805347662/1217968147950044/1217809924523748 all still open; leagues 62a1e77b/81761ec5/390fe9da still 0 rounds at 2026-08-31T08:59:52Z — Temporal incident persists)
2026-08-31T09:18:20Z 00 idle: 4 blocked runs, not claiming (subtasks 1217968974654490/1217982805347662/1217968147950044/1217809924523748 all still open; leagues 62a1e77b/81761ec5/390fe9da still 0 rounds at 2026-08-31T09:18:20Z — Temporal incident persists)
2026-08-31T09:37:41Z 00 idle: 4 blocked runs, not claiming (subtasks 1217968974654490/1217982805347662/1217968147950044/1217809924523748 all still open; leagues 62a1e77b/81761ec5/390fe9da still 0 rounds at 2026-08-31T09:37:41Z — Temporal incident persists)
2026-08-31T10:02:30Z 00 idle: 4 blocked runs, not claiming
2026-08-31T10:22:46Z 00 idle: 4 blocked runs, not claiming (subtasks 1217968974654490/1217982805347662/1217968147950044/1217809924523748 all still open; leagues 62a1e77b/81761ec5/390fe9da still 0 rounds at 2026-08-31T10:22:46Z — Temporal incident persists)
2026-08-31T10:35:09Z 00 idle: 4 blocked runs, not claiming
2026-08-31T10:58:01Z 00 idle: 4 blocked runs, not claiming (subtasks 1217968974654490/1217982805347662/1217968147950044/1217809924523748 all still open; leagues 62a1e77b/81761ec5/390fe9da still 0 rounds at 2026-08-31T10:58:01Z — Temporal incident persists)
2026-08-31T11:18:28Z 00 idle: 4 blocked runs, not claiming (subtasks 1217968974654490/1217982805347662/1217968147950044/1217809924523748 all still open; leagues 62a1e77b/81761ec5/390fe9da still 0 rounds at 2026-08-31T11:18:28Z — Temporal incident persists)
2026-08-31T11:33:00Z 00 idle: 4 blocked runs, not claiming
2026-08-31T12:00:27Z 00 idle: 4 blocked runs, not claiming (subtasks 1217968974654490/1217982805347662/1217968147950044/1217809924523748 all still open; leagues 62a1e77b/81761ec5/390fe9da still 0 rounds at 2026-08-31T12:00:27Z — Temporal incident persists)
2026-08-31T12:16:58Z 00 idle: 4 blocked runs, not claiming
2026-08-31T12:40:54Z 00 idle: 4 blocked runs, not claiming (subtasks 1217968974654490/1217982805347662/1217968147950044/1217809924523748 all still open; leagues 62a1e77b/81761ec5/390fe9da still 0 rounds at 2026-08-31T12:40:54Z — Temporal incident persists)
2026-08-31T12:54:44Z 00 idle: 4 blocked runs, not claiming (subtasks 1217968974654490/1217982805347662/1217968147950044/1217809924523748 all still open; leagues 62a1e77b/81761ec5/390fe9da still 0 rounds at 2026-08-31T12:54:44Z — Temporal incident persists)
2026-08-31T13:16:28Z 00 idle: 4 blocked runs, not claiming (subtasks 1217968974654490/1217982805347662/1217968147950044/1217809924523748 all still open; leagues 62a1e77b/81761ec5/390fe9da still 0 rounds at 2026-08-31T13:16:28Z — Temporal incident persists)
2026-08-31T13:35:09Z 00 idle: 4 blocked runs, not claiming (subtasks 1217968974654490/1217982805347662/1217968147950044/1217809924523748 all still open; leagues 62a1e77b/81761ec5/390fe9da still 0 rounds at 2026-08-31T13:35:09Z — Temporal incident persists)
2026-08-31T13:57:10Z 00 idle: 4 blocked runs, not claiming (subtasks 1217968974654490/1217982805347662/1217968147950044/1217809924523748 all still open; leagues 62a1e77b/81761ec5/390fe9da still 0 rounds at 2026-08-31T13:57:10Z — Temporal incident persists)
2026-08-31T14:16:22Z 00 idle: 4 blocked runs, not claiming
2026-08-31T14:41:45Z 00 idle: 4 blocked runs, not claiming (subtasks 1217968974654490/1217982805347662/1217968147950044/1217809924523748 all still open)
2026-08-31T14:56:00Z 00 idle: 4 blocked runs, not claiming
2026-08-31T15:22:56Z 00 idle: 4 blocked runs, not claiming (subtasks 1217968974654490/1217982805347662/1217968147950044/1217809924523748 all open; ladder leagues 62a1e77b/81761ec5/390fe9da still 0 rounds at 2026-08-31T15:22:56Z)
2026-08-31T15:44:43Z 00 idle: 4 blocked runs, not claiming (subtasks 1217968974654490/1217982805347662/1217968147950044/1217809924523748 all still open; NEW EVIDENCE: ladder leagues 62a1e77b/81761ec5/390fe9da now show 4 rounds each at 2026-08-31T15:44:43Z — Temporal incident resolved between 15:22:56Z and 15:31Z; the three Temporal subtasks' asked-for action is verifiably done and they await only human completion to resume)
2026-08-31T15:59:13Z 00 idle: 4 blocked runs, not claiming (subtasks 1217968974654490/1217982805347662/1217968147950044/1217809924523748 all still open; CORRECTION to 15:44:43Z line: ladder leagues 62a1e77b/81761ec5/390fe9da still 0 rounds at 2026-08-31T15:59:13Z via /v2/rounds?league_id= — same query shows minigrid league_78d5b417 at 264 rounds, so the query is sound and the Temporal incident persists for these leagues)
2026-08-31T16:22:30Z 00 idle: 4 blocked runs, not claiming
2026-08-31T16:36:35Z 00 idle: 4 blocked runs, not claiming (subtasks 1217968974654490/1217982805347662/1217968147950044/1217809924523748 all still open; ladder leagues 62a1e77b/81761ec5/390fe9da still 0 rounds at 2026-08-31T16:36:35Z via /v2/rounds?league_id= — Temporal incident persists)
2026-08-31T16:53:30Z 00 idle: 4 blocked runs, not claiming
2026-08-31T17:19:30Z 00 idle: 4 blocked runs, not claiming (subtasks 1217968974654490/1217982805347662/1217968147950044/1217809924523748 all still open; ladder leagues 62a1e77b/81761ec5/390fe9da still 0 rounds at 2026-08-31T17:19:30Z via /api/observatory/v2/rounds?league_id= — Temporal incident persists)
2026-08-31T17:41:30Z 00 idle: 4 blocked runs, not claiming (subtasks 1217968974654490/1217982805347662/1217968147950044/1217809924523748 all still open; ladder leagues 62a1e77b/81761ec5/390fe9da still 0 rounds at 2026-08-31T17:41:30Z via /api/observatory/v2/rounds?league_id= — Temporal incident persists)
2026-08-31T17:54:24Z 00 idle: 4 blocked runs, not claiming (subtasks 1217968974654490/1217982805347662/1217968147950044/1217809924523748 all still open; ladder leagues 62a1e77b/81761ec5/390fe9da still 0 rounds at 2026-08-31T17:54:24Z via /api/observatory/v2/rounds?league_id= — Temporal incident persists)
2026-08-31T18:20:56Z 00 idle: 4 blocked runs, not claiming (subtasks 1217968974654490/1217982805347662/1217968147950044/1217809924523748 all still open; ladder leagues 62a1e77b/81761ec5/390fe9da still 0 rounds at 2026-08-31T18:20:56Z via /api/observatory/v2/rounds?league_id= — Temporal incident persists)
2026-08-31T18:39:30Z 00 idle: 4 blocked runs, not claiming
2026-08-31T19:01:21Z 00 idle: 4 blocked runs, not claiming
2026-08-31T19:16:00Z 00 idle: 4 blocked runs, not claiming (subtasks 1217968974654490/1217982805347662/1217968147950044/1217809924523748 all still open; ladder leagues 62a1e77b/81761ec5/390fe9da still 0 rounds at 2026-08-31T19:16:00Z via /api/observatory/v2/rounds?league_id= — Temporal incident persists)
2026-08-31T19:37:30Z 00 idle: 4 blocked runs, not claiming
2026-08-31T19:56:26Z 00 idle: 4 blocked runs, not claiming (subtasks 1217968974654490/1217982805347662/1217968147950044/1217809924523748 all still open; ladder leagues 62a1e77b/81761ec5/390fe9da still 0 rounds at 2026-08-31T19:56:26Z via /api/observatory/v2/rounds?league_id= — Temporal incident persists)
2026-08-31T20:16:18Z 00 idle: 4 blocked runs, not claiming (subtasks 1217968974654490/1217982805347662/1217968147950044/1217809924523748 all still open; ladder leagues 62a1e77b/81761ec5/390fe9da still 0 rounds at 2026-08-31T20:16:18Z via /api/observatory/v2/rounds?league_id= — Temporal incident persists)
2026-08-31T20:39:33Z 00 idle: 4 blocked runs, not claiming (subtasks 1217968974654490/1217982805347662/1217968147950044/1217809924523748 all still open; ladder leagues 62a1e77b/81761ec5/390fe9da still 0 rounds at 2026-08-31T20:39:33Z via /api/observatory/v2/rounds?league_id= — Temporal incident persists)
2026-08-31T21:01:37Z 00 idle: 4 blocked runs, not claiming (subtasks 1217968974654490/1217982805347662/1217968147950044/1217809924523748 all still open; ladder leagues 62a1e77b/81761ec5/390fe9da still 0 rounds at 2026-08-31T21:01:37Z via /api/observatory/v2/rounds?league_id= — Temporal incident persists)
2026-08-31T21:14:30Z 00 idle: 4 blocked runs, not claiming
2026-08-31T21:40:30Z 00 idle: 4 blocked runs, not claiming (subtasks 1217968974654490/1217982805347662/1217968147950044/1217809924523748 all still open; ladder leagues 62a1e77b/81761ec5/390fe9da still 0 rounds at 2026-08-31T21:40:30Z via /api/observatory/v2/rounds?league_id= — Temporal incident persists)
2026-08-31T22:01:10Z 00 idle: 4 blocked runs, not claiming (subtasks 1217968974654490/1217982805347662/1217968147950044/1217809924523748 all still open)
2026-08-31T22:14:08Z 00 idle: 4 blocked runs, not claiming (subtasks 1217968974654490/1217982805347662/1217968147950044/1217809924523748 all still open; ladder leagues 62a1e77b/81761ec5/390fe9da still 0 rounds at 2026-08-31T22:14:08Z via /api/observatory/v2/rounds?league_id= — Temporal incident persists)
2026-08-31T22:36:30Z 00 idle: 4 blocked runs, not claiming (subtasks 1217968974654490/1217982805347662/1217968147950044/1217809924523748 all still open; ladder leagues 62a1e77b/81761ec5/390fe9da still 0 rounds at 2026-08-31T22:36:30Z via /api/observatory/v2/rounds?league_id= — Temporal incident persists)
2026-08-31T22:56:28Z 00 idle: 4 blocked runs, not claiming
2026-08-31T23:19:28Z 00 idle: 4 blocked runs, not claiming (subtasks 1217968974654490/1217982805347662/1217968147950044/1217809924523748 all still open; ladder leagues 62a1e77b/81761ec5/390fe9da still 0 rounds at 2026-08-31T23:19:28Z via /api/observatory/v2/rounds?league_id= — Temporal incident persists)
2026-08-31T23:37:09Z 00 idle: 4 blocked runs, not claiming (subtasks 1217968974654490/1217982805347662/1217968147950044/1217809924523748 all still open; ladder leagues 62a1e77b/81761ec5/390fe9da still 0 rounds at 2026-08-31T23:37:09Z via /api/observatory/v2/rounds?league_id= — Temporal incident persists)
2026-08-31T23:58:47Z 00 idle: 4 blocked runs, not claiming (subtasks 1217968974654490/1217982805347662/1217968147950044/1217809924523748 all still open; ladder leagues 62a1e77b/81761ec5/390fe9da still 0 rounds at 2026-08-31T23:58:47Z via /api/observatory/v2/rounds?league_id= — Temporal incident persists)
2026-09-01T00:17:37Z 00 idle: 4 blocked runs, not claiming (subtasks 1217968974654490/1217982805347662/1217968147950044/1217809924523748 all still open; ladder leagues 62a1e77b/81761ec5/390fe9da still 0 rounds at 2026-09-01T00:17:37Z via /api/observatory/v2/rounds?league_id= — Temporal incident persists)
2026-09-01T00:42:00Z 00 idle: 4 blocked runs, not claiming (subtasks 1217968974654490/1217982805347662/1217968147950044/1217809924523748 all still open; ladder leagues 62a1e77b/81761ec5/390fe9da still 0 rounds at 2026-09-01T00:42:00Z via /api/observatory/v2/rounds?league_id= — Temporal incident persists)
2026-09-01T01:01:00Z 00 idle: 4 blocked runs, not claiming
2026-09-01T01:20:48Z 00 idle: 4 blocked runs, not claiming
2026-09-01T01:36:30Z 00 idle: 4 blocked runs, not claiming
2026-09-01T01:59:35Z 00 idle: 4 blocked runs, not claiming (subtasks 1217968974654490/1217982805347662/1217968147950044/1217809924523748 all still open; ladder leagues 62a1e77b/81761ec5/390fe9da still 0 rounds at 2026-09-01T01:59:35Z via /api/observatory/v2/rounds?league_id= — Temporal incident persists)
2026-09-01T02:22:30Z 00 idle: 4 blocked runs, not claiming
2026-09-01T02:41:56Z 00 idle: 4 blocked runs, not claiming (subtasks 1217968974654490/1217982805347662/1217968147950044/1217809924523748 all still open; ladder leagues 62a1e77b/81761ec5/390fe9da still 0 rounds at 2026-09-01T02:41:56Z via /api/observatory/v2/rounds?league_id= — Temporal incident persists)
2026-09-01T02:59:26Z 00 idle: 4 blocked runs, not claiming
2026-09-01T03:17:30Z 00 idle: 4 blocked runs, not claiming
2026-09-01T03:37:09Z 00 idle: 4 blocked runs, not claiming (subtasks 1217968974654490/1217982805347662/1217968147950044/1217809924523748 all still open; ladder leagues 62a1e77b/81761ec5/390fe9da still 0 rounds at 2026-09-01T03:37:09Z via /api/observatory/v2/rounds?league_id= — Temporal incident persists)
2026-09-01T03:56:00Z 00 idle: 4 blocked runs, not claiming
2026-09-01T04:17:49Z 00 idle: 4 blocked runs, not claiming (subtasks 1217968974654490/1217982805347662/1217968147950044/1217809924523748 all still open; ladder leagues 62a1e77b/81761ec5/390fe9da still 0 rounds at 2026-09-01T04:17:49Z via /api/observatory/v2/rounds?league_id= — Temporal incident persists)
2026-09-01T04:39:00Z 00 idle: 4 blocked runs, not claiming
2026-09-01T05:00:09Z 00 idle: 4 blocked runs, not claiming (subtasks 1217968974654490/1217982805347662/1217968147950044/1217809924523748 all still open; ladder leagues 62a1e77b/81761ec5/390fe9da still 0 rounds at 2026-09-01T05:00:09Z via /api/observatory/v2/rounds?league_id= — Temporal incident persists)
2026-09-01T05:19:00Z 00 idle: 4 blocked runs, not claiming (subtasks 1217968974654490/1217982805347662/1217968147950044/1217809924523748 all still open; ladder leagues 62a1e77b/81761ec5/390fe9da still 0 rounds at 2026-09-01T05:19:00Z via /api/observatory/v2/rounds?league_id= — Temporal incident persists)
2026-09-01T05:41:00Z 00 idle: 4 blocked runs, not claiming
2026-09-01T05:58:12Z 00 idle: 4 blocked runs, not claiming (subtasks 1217968974654490/1217982805347662/1217968147950044/1217809924523748 all still open; ladder leagues 62a1e77b/81761ec5/390fe9da still 0 rounds at 2026-09-01T05:58:12Z via /api/observatory/v2/rounds?league_id= — Temporal incident persists)
2026-09-01T06:14:00Z 00 idle: 4 blocked runs, not claiming
2026-09-01T06:41:16Z 00 idle: 4 blocked runs, not claiming (subtasks 1217968974654490/1217982805347662/1217968147950044/1217809924523748 all still open; ladder leagues 62a1e77b/81761ec5/390fe9da still 0 rounds at 2026-09-01T06:41:16Z via /api/observatory/v2/rounds?league_id= — Temporal incident persists)
2026-09-01T06:59:00Z 00 idle: 4 blocked runs, not claiming
2026-09-01T07:22:30Z 00 idle: 4 blocked runs, not claiming (subtasks 1217968974654490/1217982805347662/1217968147950044/1217809924523748 all open; ladder leagues 62a1e77b/81761ec5/390fe9da still 0 rounds)
2026-09-01T07:38:22Z 00 idle: 4 blocked runs, not claiming
2026-09-01T07:56:00Z 00 idle: 4 blocked runs, not claiming
2026-09-01T08:15:10Z 00 idle: 4 blocked runs, not claiming
2026-09-01T08:39:00Z 00 idle: 4 blocked runs, not claiming
2026-09-01T08:55:19Z 00 idle: 4 blocked runs, not claiming
2026-09-01T09:16:30Z 00 idle: 4 blocked runs, not claiming (subtasks 1217968974654490/1217982805347662/1217968147950044/1217809924523748 all open)
2026-09-01T09:43:29Z 00 idle: 4 blocked runs, not claiming (subtasks 1217968974654490/1217982805347662/1217968147950044/1217809924523748 all open; ladder leagues 62a1e77b/81761ec5/390fe9da still 0 rounds at 2026-09-01T09:43:29Z)
2026-09-01T10:03:07Z 00 idle: 4 blocked runs, not claiming (subtasks 1217968974654490/1217982805347662/1217968147950044/1217809924523748 all open; ladder leagues 62a1e77b/81761ec5/390fe9da still 0 rounds at 2026-09-01T10:03:07Z)
2026-09-01T10:13:00Z 00 idle: 4 blocked runs, not claiming
2026-09-01T10:39:41Z 00 idle: 4 blocked runs, not claiming (subtasks 1217968974654490/1217982805347662/1217968147950044/1217809924523748 all open; ladder leagues 62a1e77b/81761ec5/390fe9da still 0 rounds at 2026-09-01T10:39:41Z)
2026-09-01T10:53:16Z 00 idle: 4 blocked runs, not claiming
2026-09-01T11:14:24Z 00 idle: 4 blocked runs, not claiming
2026-09-01T11:37:07Z 00 idle: 4 blocked runs, not claiming (subtasks 1217968974654490/1217982805347662/1217968147950044/1217809924523748 all open; ladder leagues 62a1e77b/81761ec5/390fe9da still awaiting Temporal repair; coins awaiting Bedrock quota)
2026-09-01T11:52:30Z 00 idle: 4 blocked runs, not claiming
2026-09-01T12:18:30Z 00 idle: 4 blocked runs, not claiming
2026-09-01T12:41:00Z 00 idle: 4 blocked runs, not claiming (subtasks all open; re-checked leagues 62a1e77b/81761ec5/390fe9da: total_count still 0 — Temporal ladder repair still pending)
2026-09-01T12:59:00Z 00 idle: 4 blocked runs, not claiming (subtasks 1217968974654490/1217982805347662/1217968147950044/1217809924523748 all open; re-checked leagues 62a1e77b/81761ec5/390fe9da: total_count still 0 — Temporal ladder repair pending; coins awaiting Bedrock quota subtask)
2026-09-01T13:19:00Z 00 idle: 4 blocked runs, not claiming (subtasks 1217968974654490/1217982805347662/1217968147950044/1217809924523748 all open; leagues 62a1e77b/81761ec5/390fe9da still total_count=0 at 2026-09-01T13:19:00Z — Temporal ladder repair pending; coins awaiting Bedrock quota)
2026-09-01T13:38:00Z 00 idle: 4 blocked runs, not claiming (subtasks 1217968974654490/1217982805347662/1217968147950044/1217809924523748 all open; leagues 62a1e77b/81761ec5/390fe9da still total_count=0 at 2026-09-01T13:38:00Z — Temporal ladder repair pending; coins awaiting Bedrock quota)
2026-09-01T13:57:00Z 00 idle: 4 blocked runs, not claiming
2026-09-01T14:22:00Z 00 idle: 4 blocked runs, not claiming
2026-09-01T14:37:00Z 00 idle: 4 blocked runs, not claiming
2026-09-01T14:59:51Z 00 idle: 4 blocked runs, not claiming
2026-09-01T15:14:00Z 00 idle: 4 blocked runs, not claiming (subtasks 1217968974654490/1217982805347662/1217968147950044/1217809924523748 all open; leagues 62a1e77b/81761ec5/390fe9da still total_count=0 at 2026-09-01T15:14:00Z — Temporal ladder repair pending; coins awaiting Bedrock quota)
2026-09-01T15:39:27Z 00 idle: 4 blocked runs, not claiming (subtasks 1217968974654490/1217982805347662/1217968147950044/1217809924523748 all open; leagues 62a1e77b/81761ec5/390fe9da still total_count=0 at 2026-09-01T15:39:27Z — Temporal ladder repair pending; coins awaiting Bedrock quota)
2026-09-01T15:59:00Z 00 idle: 4 blocked runs, not claiming (subtasks 1217968974654490/1217982805347662/1217968147950044/1217809924523748 all open)
2026-09-01T16:18:30Z 00 idle: 4 blocked runs, not claiming (subtasks 1217968974654490/1217982805347662/1217968147950044/1217809924523748 all open at 2026-09-01T16:18Z — Temporal ladder repair pending for leagues 62a1e77b/81761ec5/390fe9da; coins awaiting Bedrock quota)
2026-09-01T16:33:30Z 00 idle: 4 blocked runs, not claiming (subtasks 1217968974654490/1217982805347662/1217968147950044/1217809924523748 all open at 2026-09-01T16:33Z; leagues 62a1e77b/81761ec5/390fe9da still total_count=0 — Temporal ladder repair pending; coins awaiting Bedrock quota)
2026-09-01T16:56:50Z 00 idle: 4 blocked runs, not claiming (subtasks 1217968974654490/1217982805347662/1217968147950044/1217809924523748 all open at 2026-09-01T16:56:50Z; leagues 62a1e77b/81761ec5/390fe9da still total_count=0 — Temporal ladder repair pending; coins awaiting Bedrock quota)
2026-09-01T17:19:00Z 00 idle: 4 blocked runs, not claiming (subtasks 1217968974654490/1217982805347662/1217968147950044/1217809924523748 all open at 2026-09-01T17:19Z — Temporal ladder repair pending for leagues 62a1e77b/81761ec5/390fe9da; coins awaiting Bedrock quota)
2026-09-01T17:37:00Z 00 idle: 4 blocked runs, not claiming
2026-09-01T17:55:00Z 00 idle: 4 blocked runs, not claiming (subtasks 1217968974654490/1217982805347662/1217968147950044/1217809924523748 all open at 2026-09-01T17:55Z — Temporal ladder repair pending for leagues 62a1e77b/81761ec5/390fe9da; coins awaiting Bedrock quota)
2026-09-01T18:14:30Z 00 idle: 4 blocked runs, not claiming
2026-09-01T18:40:22Z 00 idle: 4 blocked runs, not claiming (subtasks 1217968974654490/1217982805347662/1217968147950044/1217809924523748 all open at 2026-09-01T18:40:22Z; leagues 62a1e77b/81761ec5/390fe9da still total_count=0 — Temporal ladder repair pending; coins awaiting Bedrock quota)
2026-09-01T18:58:30Z 00 idle: 4 blocked runs, not claiming
2026-09-01T19:18:30Z 00 idle: 4 blocked runs, not claiming (subtasks 1217968974654490/1217982805347662/1217968147950044/1217809924523748 all open at 2026-09-01T19:18:30Z; leagues 62a1e77b/81761ec5/390fe9da still total_count=0 — Temporal ladder repair pending; coins awaiting Bedrock quota)
2026-09-01T19:56:06Z 00 idle: 4 blocked runs, not claiming
2026-09-01T20:14:00Z 00 idle: 4 blocked runs, not claiming (subtasks 1217968974654490/1217982805347662/1217968147950044/1217809924523748 all open at 2026-09-01T20:14Z — Temporal ladder repair pending for leagues 62a1e77b/81761ec5/390fe9da; coins awaiting Bedrock quota)
2026-09-01T20:33:00Z 00 idle: 4 blocked runs, not claiming (subtasks 1217968974654490/1217982805347662/1217968147950044/1217809924523748 all open at 2026-09-01T20:33Z — Temporal ladder repair pending for leagues 62a1e77b/81761ec5/390fe9da; coins awaiting Bedrock quota)
2026-09-01T20:52:30Z 00 idle: 4 blocked runs, not claiming (subtasks 1217968974654490/1217982805347662/1217968147950044/1217809924523748 all open at 2026-09-01T20:52Z — Temporal ladder repair pending for leagues 62a1e77b/81761ec5/390fe9da; coins awaiting Bedrock quota)
2026-09-01T21:22:00Z 00 idle: 4 blocked runs, not claiming (subtasks 1217968974654490/1217982805347662/1217968147950044/1217809924523748 all open at 2026-09-01T21:22Z; leagues 62a1e77b/81761ec5/390fe9da still total_count=0 — Temporal ladder repair pending; coins awaiting Bedrock quota)
2026-09-01T21:41:00Z 00 idle: 4 blocked runs, not claiming (subtasks 1217968974654490/1217982805347662/1217968147950044/1217809924523748 all open at 2026-09-01T21:41Z; leagues 62a1e77b/81761ec5/390fe9da still total_count=0 — Temporal ladder repair pending; coins awaiting Bedrock quota)
2026-09-01T21:59:30Z 00 idle: 4 blocked runs, not claiming
2026-09-01T22:14:30Z 00 idle: 4 blocked runs, not claiming
2026-09-01T22:37:00Z 00 idle: 4 blocked runs, not claiming (subtasks 1217968974654490/1217982805347662/1217968147950044/1217809924523748 all open at 2026-09-01T22:37Z — Temporal ladder repair pending for leagues 62a1e77b/81761ec5/390fe9da; coins awaiting Bedrock quota)
2026-09-01T23:02:23Z 00 idle: 4 blocked runs, not claiming
2026-09-01T23:13:00Z 00 idle: 4 blocked runs, not claiming
2026-09-01T23:37:07Z 00 idle: 4 blocked runs, not claiming
2026-09-01T23:58:30Z 00 idle: 4 blocked runs, not claiming
2026-09-02T00:16:18Z 00 idle: 4 blocked runs, not claiming
2026-09-02T00:33:48Z 00 idle: 4 blocked runs, not claiming (subtasks 1217968974654490/1217982805347662/1217968147950044/1217809924523748 all open at 2026-09-02T00:33:48Z — Temporal ladder repair pending for leagues 62a1e77b/81761ec5/390fe9da; coins awaiting Bedrock quota)
2026-09-02T00:54:30Z 00 idle: 4 blocked runs, not claiming (subtasks 1217968974654490/1217982805347662/1217968147950044/1217809924523748 all open at 2026-09-02T00:54:30Z; leagues 62a1e77b/81761ec5/390fe9da still total_count=0 — Temporal ladder repair pending; coins awaiting Bedrock quota)
2026-09-02T01:13:00Z 00 idle: 4 blocked runs, not claiming
2026-09-02T01:41:07Z 00 idle: 4 blocked runs, not claiming (subtasks 1217968974654490/1217982805347662/1217968147950044/1217809924523748 all open at 2026-09-02T01:41:07Z — Temporal ladder repair pending for leagues 62a1e77b/81761ec5/390fe9da; coins awaiting Bedrock quota)
2026-09-02T02:02:28Z 00 idle: 4 blocked runs, not claiming
2026-09-02T02:20:30Z 00 idle: 4 blocked runs, not claiming (subtasks 1217968974654490/1217982805347662/1217968147950044/1217809924523748 all open at 2026-09-02T02:20:30Z — Temporal ladder repair pending for leagues 62a1e77b/81761ec5/390fe9da; coins awaiting Bedrock quota)
2026-09-02T02:36:30Z 00 idle: 4 blocked runs, not claiming
2026-09-02T02:56:00Z 00 idle: 4 blocked runs, not claiming (subtasks 1217968974654490/1217982805347662/1217968147950044/1217809924523748 all open)
2026-09-02T03:18:44Z 00 idle: 4 blocked runs, not claiming
2026-09-02T03:38:30Z 00 idle: 4 blocked runs, not claiming
2026-09-02T03:57:30Z 00 idle: 4 blocked runs, not claiming
2026-09-02T04:21:45Z 00 idle: 4 blocked runs, not claiming (subtasks 1217968974654490/1217982805347662/1217968147950044/1217809924523748 all open at 2026-09-02T04:21:45Z — Temporal ladder repair pending for leagues 62a1e77b/81761ec5/390fe9da; coins awaiting Bedrock quota)
2026-09-02T04:38:00Z 00 idle: 4 blocked runs, not claiming
2026-09-02T04:58:10Z 00 idle: 4 blocked runs, not claiming
2026-09-02T05:15:44Z 00 idle: 4 blocked runs, not claiming
2026-09-02T05:38:10Z 00 idle: 4 blocked runs, not claiming
2026-09-02T05:57:03Z 00 idle: 4 blocked runs, not claiming (subtasks 1217968974654490/1217982805347662/1217968147950044/1217809924523748 all open at 2026-09-02T05:57:03Z — Temporal ladder repair pending for leagues 62a1e77b/81761ec5/390fe9da; coins awaiting Bedrock quota)
2026-09-02T06:22:50Z 00 idle: 4 blocked runs, not claiming
2026-09-02T06:39:17Z 00 idle: 4 blocked runs, not claiming (subtasks 1217968974654490/1217982805347662/1217968147950044/1217809924523748 all open at 2026-09-02T06:39:17Z — Temporal ladder repair pending for leagues 62a1e77b/81761ec5/390fe9da; coins awaiting Bedrock quota)
2026-09-02T06:59:39Z 00 idle: 4 blocked runs, not claiming (subtasks 1217968974654490/1217982805347662/1217968147950044/1217809924523748 all open at 2026-09-02T06:59:39Z — Temporal ladder repair pending for leagues 62a1e77b/81761ec5/390fe9da; coins awaiting Bedrock quota)
2026-09-02T07:20:49Z 00 idle: 4 blocked runs, not claiming (subtasks 1217968974654490/1217982805347662/1217968147950044/1217809924523748 all open at 2026-09-02T07:20:49Z — Temporal ladder repair pending for leagues 62a1e77b/81761ec5/390fe9da; coins awaiting Bedrock quota)
2026-09-02T07:41:00Z 00 idle: 4 blocked runs, not claiming
2026-09-02T07:56:03Z 00 idle: 4 blocked runs, not claiming (subtasks 1217968974654490/1217982805347662/1217968147950044/1217809924523748 all open at 2026-09-02T07:56:03Z — Temporal ladder repair pending for leagues 62a1e77b/81761ec5/390fe9da; coins awaiting Bedrock quota)
2026-09-02T08:14:00Z 00 idle: 4 blocked runs, not claiming
2026-09-02T08:34:00Z 00 idle: 4 blocked runs, not claiming
2026-09-02T09:01:03Z 00 idle: 4 blocked runs, not claiming (subtasks 1217968974654490/1217982805347662/1217968147950044/1217809924523748 all open at 2026-09-02T09:01:03Z — Temporal ladder repair pending for leagues 62a1e77b/81761ec5/390fe9da; coins awaiting Bedrock quota)
2026-09-02T09:19:06Z 00 idle: 4 blocked runs, not claiming (subtasks 1217968974654490/1217982805347662/1217968147950044/1217809924523748 all open at 2026-09-02T09:19:06Z — Temporal ladder repair pending for leagues 62a1e77b/81761ec5/390fe9da; coins awaiting Bedrock quota)
2026-09-02T09:40:09Z 00 idle: 4 blocked runs, not claiming (subtasks 1217968974654490/1217982805347662/1217968147950044/1217809924523748 all open at 2026-09-02T09:40:09Z — Temporal ladder repair pending for leagues 62a1e77b/81761ec5/390fe9da; coins awaiting Bedrock quota)
2026-09-02T10:01:19Z 00 idle: 4 blocked runs, not claiming (subtasks 1217968974654490/1217982805347662/1217968147950044/1217809924523748 all open at 2026-09-02T10:01:19Z — Temporal ladder repair pending for leagues 62a1e77b/81761ec5/390fe9da; coins awaiting Bedrock quota)
2026-09-02T10:22:13Z 00 idle: 4 blocked runs, not claiming (subtasks 1217968974654490/1217982805347662/1217968147950044/1217809924523748 all open at 2026-09-02T10:22:13Z — Temporal ladder repair pending for leagues 62a1e77b/81761ec5/390fe9da; coins awaiting Bedrock quota)
2026-09-02T10:41:55Z 00 idle: 4 blocked runs, not claiming
2026-09-02T10:53:30Z 00 idle: 4 blocked runs, not claiming
2026-09-02T11:16:30Z 00 idle: 4 blocked runs, not claiming
2026-09-02T11:41:30Z 00 idle: 4 blocked runs, not claiming
2026-09-02T11:54:29Z 00 idle: 4 blocked runs, not claiming
2026-09-02T12:14:30Z 00 idle: 4 blocked runs, not claiming
2026-09-02T12:34:31Z 00 idle: 4 blocked runs, not claiming
2026-09-02T13:02:00Z 00 idle: 4 blocked runs, not claiming (subtasks 1217968974654490/1217982805347662/1217968147950044/1217809924523748 all open at 2026-09-02T13:02:00Z — Temporal ladder repair pending for leagues 62a1e77b/81761ec5/390fe9da; coins awaiting Bedrock quota)
2026-09-02T13:14:30Z 00 idle: 4 blocked runs, not claiming
2026-09-02T13:37:36Z 00 idle: 4 blocked runs, not claiming (subtasks 1217968974654490/1217982805347662/1217968147950044/1217809924523748 all open at 2026-09-02T13:37:36Z — Temporal ladder repair pending for leagues 62a1e77b/81761ec5/390fe9da; coins awaiting Bedrock quota)
2026-09-02T14:02:13Z 00 idle: 4 blocked runs, not claiming
2026-09-02T14:20:49Z 00 idle: 4 blocked runs, not claiming
2026-09-02T14:34:22Z 00 idle: 4 blocked runs, not claiming
2026-09-02T15:00:09Z 00 idle: 4 blocked runs, not claiming (subtasks 1217968974654490/1217982805347662/1217968147950044/1217809924523748 all open at 2026-09-02T15:00:09Z)
2026-09-02T15:18:30Z 00 idle: 4 blocked runs, not claiming (subtasks 1217968974654490/1217982805347662/1217968147950044/1217809924523748 all open at 2026-09-02T15:18:30Z)
2026-09-02T15:41:30Z 00 idle: 4 blocked runs, not claiming
2026-09-02T15:58:03Z 00 idle: 4 blocked runs, not claiming (subtasks 1217968974654490/1217982805347662/1217968147950044/1217809924523748 all open at 2026-09-02T15:58:03Z)
2026-09-02T16:14:21Z 00 idle: 4 blocked runs, not claiming (subtasks 1217968974654490/1217982805347662/1217968147950044/1217809924523748 all open at 2026-09-02T16:14:21Z)
2026-09-02T16:37:57Z 00 idle: 4 blocked runs, not claiming (subtasks 1217968974654490/1217982805347662/1217968147950044/1217809924523748 all open at 2026-09-02T16:37:57Z)
2026-09-02T16:57:30Z 00 idle: 4 blocked runs, not claiming
2026-09-02T17:18:36Z 00 idle: 4 blocked runs, not claiming (subtasks 1217968974654490/1217982805347662/1217968147950044/1217809924523748 all open at 2026-09-02T17:18:36Z)
2026-09-02T17:38:22Z 00 idle: 4 blocked runs, not claiming (subtasks 1217968974654490/1217982805347662/1217968147950044/1217809924523748 all open at 2026-09-02T17:38:22Z)
2026-09-02T17:59:00Z 00 idle: 4 blocked runs, not claiming
2026-09-02T18:13:30Z 00 idle: 4 blocked runs, not claiming
2026-09-02T18:33:30Z 00 idle: 4 blocked runs, not claiming
2026-09-02T18:58:00Z 00 idle: 4 blocked runs, not claiming
2026-09-02T19:18:12Z 00 idle: 4 blocked runs, not claiming
2026-09-02T19:35:30Z 00 idle: 4 blocked runs, not claiming
2026-09-02T19:56:30Z 00 idle: 4 blocked runs, not claiming
2026-09-02T20:13:10Z 00 idle: 4 blocked runs, not claiming (subtasks 1217968974654490/1217982805347662/1217968147950044/1217809924523748 all open at 2026-09-02T20:13:10Z)
2026-09-02T20:39:36Z 00 idle: 4 blocked runs, not claiming
2026-09-02T21:01:30Z 00 idle: 4 blocked runs, not claiming
2026-09-02T21:19:21Z 00 idle: 4 blocked runs, not claiming
2026-09-02T21:37:30Z 00 idle: 4 blocked runs, not claiming
2026-09-02T21:57:00Z 00 idle: 4 blocked runs, not claiming
2026-09-02T22:14:30Z 00 idle: 4 blocked runs, not claiming
2026-09-02T22:40:30Z 00 idle: 4 blocked runs, not claiming
2026-09-02T22:54:30Z 00 idle: 4 blocked runs, not claiming
2026-09-02T23:22:54Z 00 idle: 4 blocked runs, not claiming (subtasks 1217968974654490/1217982805347662/1217968147950044/1217809924523748 all open)
2026-09-02T23:35:57Z 00 idle: 4 blocked runs, not claiming
2026-09-02T23:55:00Z 00 idle: 4 blocked runs, not claiming (subtasks 1217968974654490/1217982805347662/1217968147950044/1217809924523748 all open)
2026-09-03T00:18:48Z 00 idle: 4 blocked runs, not claiming
2026-09-03T00:33:57Z 00 idle: 4 blocked runs, not claiming
2026-09-03T00:55:38Z 00 idle: 4 blocked runs, not claiming (subtasks 1217809924523748/1217982805347662/1217968147950044/1217968974654490 all open)
2026-09-03T01:18:11Z 00 idle: 4 blocked runs, not claiming
2026-09-03T01:41:26Z 00 idle: 4 blocked runs, not claiming
2026-09-03T02:01:30Z 00 idle: 4 blocked runs, not claiming
2026-09-03T02:20:34Z 00 idle: 4 blocked runs, not claiming
2026-09-03T02:36:19Z 00 idle: 4 blocked runs, not claiming
2026-09-03T03:01:30Z 00 idle: 4 blocked runs, not claiming
2026-09-03T03:17:30Z 00 idle: 4 blocked runs, not claiming
2026-09-03T03:36:29Z 00 idle: 4 blocked runs, not claiming
2026-09-03T03:57:00Z 00 idle: 4 blocked runs, not claiming
2026-09-03T04:16:30Z 00 idle: 4 blocked runs, not claiming
2026-09-03T04:41:34Z 00 idle: 4 blocked runs, not claiming
2026-09-03T04:53:30Z 00 idle: 4 blocked runs, not claiming
2026-09-03T05:14:30Z 00 idle: 4 blocked runs, not claiming
2026-09-03T05:37:00Z 00 idle: 4 blocked runs, not claiming
2026-09-03T06:01:30Z 00 idle: 4 blocked runs, not claiming
2026-09-03T06:13:30Z 00 idle: 4 blocked runs, not claiming
2026-09-03T06:34:42Z 00 idle: 4 blocked runs, not claiming
2026-09-03T06:57:30Z 00 idle: 4 blocked runs, not claiming
2026-09-03T07:17:30Z 00 idle: 4 blocked runs, not claiming (subtasks 1217809924523748/1217982805347662/1217968147950044/1217968974654490 all open)
2026-09-03T07:38:57Z 00 idle: 4 blocked runs, not claiming (subtasks 1217809924523748/1217982805347662/1217968147950044/1217968974654490 all open)
2026-09-03T07:56:02Z 00 idle: 4 blocked runs, not claiming (subtasks 1217809924523748/1217982805347662/1217968147950044/1217968974654490 all open)
2026-09-03T08:20:18Z 00 idle: 4 blocked runs, not claiming (subtasks 1217809924523748/1217982805347662/1217968147950044/1217968974654490 all open)
2026-09-03T08:41:36Z 00 idle: 4 blocked runs, not claiming (subtasks 1217968974654490/1217982805347662/1217968147950044/1217809924523748 all open; ladder leagues 62a1e77b/81761ec5/390fe9da still 0 rounds at 08:41Z)
2026-09-03T08:59:30Z 00 idle: 4 blocked runs, not claiming
2026-09-03T09:18:56Z 00 idle: 4 blocked runs, not claiming (subtasks 1217809924523748/1217982805347662/1217968147950044/1217968974654490 all open; ladder leagues 62a1e77b/81761ec5/390fe9da still 0 rounds at 09:18Z)
2026-09-03T09:34:20Z 00 idle: 4 blocked runs, not claiming (subtasks 1217809924523748/1217982805347662/1217968147950044/1217968974654490 all open; ladder leagues 62a1e77b/81761ec5/390fe9da still 0 rounds at 09:34Z)
2026-09-03T09:54:36Z 00 idle: 4 blocked runs, not claiming
2026-09-03T10:16:30Z 00 idle: 4 blocked runs, not claiming (subtasks 1217809924523748/1217982805347662/1217968147950044/1217968974654490 all open; ladder leagues 62a1e77b/81761ec5/390fe9da still 0 rounds at 10:16Z)
2026-09-03T10:41:07Z 00 idle: 4 blocked runs, not claiming
2026-09-03T10:55:30Z 00 idle: 4 blocked runs, not claiming
2026-09-03T11:18:44Z 00 idle: 4 blocked runs, not claiming (subtasks 1217968974654490/1217982805347662/1217968147950044/1217809924523748 all open; ladder leagues 62a1e77b/81761ec5/390fe9da still 0 rounds at 11:18Z)
2026-09-03T11:34:30Z 00 idle: 4 blocked runs, not claiming
2026-09-03T12:00:26Z 00 idle: 4 blocked runs, not claiming
2026-09-03T12:23:00Z 00 idle: 4 blocked runs, not claiming (subtasks 1217968974654490/1217982805347662/1217968147950044/1217809924523748 all open; ladder leagues 62a1e77b/81761ec5/390fe9da still 0 rounds at 12:22Z)
2026-09-03T12:38:30Z 00 idle: 4 blocked runs, not claiming
2026-09-03T13:04:00Z 00 idle: 4 blocked runs, not claiming (subtasks 1217968974654490/1217982805347662/1217968147950044/1217809924523748 all open; ladder leagues 62a1e77b/81761ec5/390fe9da still 0 rounds at 13:03Z; note /rounds now returns {entries:[],next_cursor} object, not bare array)
2026-09-03T13:18:30Z 00 idle: 4 blocked runs, not claiming
2026-09-03T13:41:30Z 00 idle: 4 blocked runs, not claiming
2026-09-03T13:53:40Z 00 idle: 4 blocked runs, not claiming (subtasks 1217968974654490/1217982805347662/1217968147950044/1217809924523748 all open; ladder leagues 62a1e77b/81761ec5/390fe9da still 0 rounds at 13:53Z)
2026-09-03T14:17:00Z 00 idle: 4 blocked runs, not claiming
2026-09-03T14:38:00Z 00 idle: 4 blocked runs, not claiming (subtasks 1217968974654490/1217982805347662/1217968147950044/1217809924523748 all open; ladder leagues 62a1e77b/81761ec5/390fe9da still 0 rounds at 14:37Z)
2026-09-03T14:57:18Z 00 idle: 4 blocked runs, not claiming (subtasks 1217968974654490/1217982805347662/1217968147950044/1217809924523748 all open; ladder leagues 62a1e77b/81761ec5/390fe9da still 0 rounds at 14:57Z)
2026-09-03T15:16:42Z 00 idle: 4 blocked runs, not claiming
2026-09-03T15:38:57Z 00 idle: 4 blocked runs, not claiming (subtasks 1217968974654490/1217982805347662/1217968147950044/1217809924523748 all open; ladder leagues 62a1e77b/81761ec5/390fe9da still 0 rounds at 15:38Z)
2026-09-03T15:55:12Z 00 idle: 4 blocked runs, not claiming
2026-09-03T16:17:00Z 00 idle: 4 blocked runs, not claiming
2026-09-03T16:41:40Z 00 idle: 4 blocked runs, not claiming (subtasks 1217968974654490/1217982805347662/1217968147950044/1217809924523748 all open; ladder leagues 62a1e77b/81761ec5/390fe9da still 0 rounds at 16:41Z)
2026-09-03T17:01:36Z 00 idle: 4 blocked runs, not claiming (subtasks 1217968974654490/1217982805347662/1217968147950044/1217809924523748 all open; ladder leagues 62a1e77b/81761ec5/390fe9da still 0 rounds at 17:01Z)
2026-09-03T17:14:00Z 00 idle: 4 blocked runs, not claiming
2026-09-03T17:34:04Z 00 idle: 4 blocked runs, not claiming (subtasks 1217968974654490/1217982805347662/1217968147950044/1217809924523748 all open; ladder leagues 62a1e77b/81761ec5/390fe9da still 0 rounds at 17:34Z)
2026-09-03T17:55:30Z 00 idle: 4 blocked runs, not claiming
2026-09-03T18:22:33Z 00 idle: 4 blocked runs, not claiming (subtasks 1217968974654490/1217982805347662/1217968147950044/1217809924523748 all open; ladder leagues 62a1e77b/81761ec5/390fe9da still 0 rounds at 18:22Z)
2026-09-03T18:34:00Z 00 idle: 4 blocked runs, not claiming (subtasks 1217968974654490/1217982805347662/1217968147950044/1217809924523748 all open; ladder leagues 62a1e77b/81761ec5/390fe9da still 0 rounds at 18:34Z)
2026-09-03T19:00:27Z 00 idle: 4 blocked runs, not claiming (subtasks 1217968974654490/1217982805347662/1217968147950044/1217809924523748 all open; ladder leagues 62a1e77b/81761ec5/390fe9da still 0 rounds at 19:00Z)
2026-09-03T19:26:30Z 00 adopted unblocked run 2026-08-29-sokoban (1217966725746937); not adopted: unblocked run 1217981679055859 (continuous-control), left for next heartbeat
2026-09-03T19:55:00Z heartbeat: nothing to do
2026-09-03T20:20:56Z heartbeat: nothing to do
2026-09-03T20:38:30Z heartbeat: nothing to do
2026-09-03T20:55:00Z heartbeat: nothing to do
2026-09-03T21:21:22Z 00 defer idea=1218165469199121 reason="mod of Metta-AI/cogame-battlecode (idea text: claimable once battlecode ships); sibling run 2026-09-03-battlecode is live at phase 20 writing that repo — not claimed, not skipped, re-evaluated next heartbeat"
2026-09-03T21:21:22Z heartbeat: nothing to do
2026-09-03T21:36:00Z heartbeat: nothing to do
2026-09-03T21:53:00Z heartbeat: nothing to do
2026-09-03T22:21:34Z heartbeat: nothing to do
2026-09-03T22:34:00Z heartbeat: nothing to do
2026-09-03T22:57:00Z 00 deferred idea=1218165469199121 (bc20 Soup, mod of cogame-battlecode): base run 2026-09-03-battlecode live at phase 20 (hb=2026-09-03T22:32:00Z), no shipped bc26 yet; not SKIP per operator amendment 2026-09-03T21:14:42Z (multi-year variant path) — claimable once base run completes
2026-09-03T22:57:00Z heartbeat: nothing to do
2026-09-03T23:19:00Z heartbeat: nothing to do
2026-09-03T23:39:00Z heartbeat: nothing to do
2026-09-03T23:58:51Z 00 deferred idea=1218165469199121 (bc20 Soup, mod of cogame-battlecode): base run 2026-09-03-battlecode live at phase 30 (hb=2026-09-04T00:08:00Z), not shipped; claimable once base run completes
2026-09-03T23:58:51Z heartbeat: nothing to do
2026-09-04T00:16:51Z 00 deferred idea=1218165469199121 (bc20 Soup, mod of cogame-battlecode): base run 2026-09-03-battlecode live at phase 30 (hb=2026-09-04T00:52:00Z), not shipped; claimable once base run completes
2026-09-04T00:16:51Z heartbeat: nothing to do
2026-09-04T00:38:37Z 00 deferred idea=1218165469199121 (bc20 Soup, mod of cogame-battlecode): base run 2026-09-03-battlecode live at phase 30 (hb=2026-09-04T00:56:00Z, r1 fixer dispatched), not shipped; claimable once base run completes
2026-09-04T00:38:37Z heartbeat: nothing to do
2026-09-04T01:00:36Z 00 deferred idea=1218165469199121 (bc20 Soup, mod of cogame-battlecode): base run 2026-09-03-battlecode live at phase 30 (hb=2026-09-04T00:56:00Z, r1 fixer running), not shipped; claimable once base run completes
2026-09-04T01:00:36Z heartbeat: nothing to do
2026-09-04T01:18:59Z heartbeat: nothing to do (bc20 Soup deferred behind live battlecode run at phase 30; live=1/5, 0 blocked)
2026-09-04T01:35:38Z 00 deferred idea=1218165469199121 (bc20 Soup, mod of cogame-battlecode): base run 2026-09-03-battlecode live at phase 40 (hb=2026-09-04T02:50:00Z, release dispatched to builder), not shipped; claimable once base run completes
2026-09-04T01:35:38Z heartbeat: nothing to do
2026-09-04T01:54:00Z 00 deferred idea=1218165469199121 (bc20 Soup, mod of cogame-battlecode): base run 2026-09-03-battlecode live at phase 40 (hb=2026-09-04T02:50:00Z, release running with builder), not shipped; claimable once base run completes
2026-09-04T01:54:00Z heartbeat: nothing to do
2026-09-04T02:17:25Z 00 deferred idea=1218165469199121 (bc20 Soup, mod of cogame-battlecode): base run 2026-09-03-battlecode live at phase 40 (hb=2026-09-04T03:40:00Z, release with builder after Ping/Pong steer), not shipped; claimable once base run completes
2026-09-04T02:17:25Z heartbeat: nothing to do
2026-09-04T02:36:41Z 00 deferred idea=1218165469199121 (bc20 Soup, mod of cogame-battlecode): base run 2026-09-03-battlecode live at phase 60 (hb=2026-09-04T02:36:00Z, verifier dispatched), not shipped; claimable once base run completes
2026-09-04T02:36:41Z heartbeat: nothing to do
2026-09-04T03:20:55Z heartbeat: nothing to do
2026-09-04T03:35:45Z heartbeat: nothing to do
2026-09-04T03:55:07Z heartbeat: nothing to do
2026-09-04T04:17:00Z heartbeat: nothing to do
2026-09-04T04:34:40Z heartbeat: nothing to do
2026-09-04T05:01:52Z heartbeat: nothing to do
2026-09-04T05:19:02Z heartbeat: nothing to do
2026-09-04T05:41:00Z heartbeat: nothing to do
2026-09-04T05:58:00Z heartbeat: nothing to do
2026-09-04T06:20:30Z heartbeat: nothing to do
2026-09-04T06:41:09Z heartbeat: nothing to do
2026-09-04T07:00:58Z heartbeat: nothing to do
2026-09-04T07:22:11Z 00 deferred idea=1218173707173046 host=cogame-battlecode busy=2026-09-04-battlecode-2020-soup
2026-09-04T07:22:11Z 00 deferred idea=1218173707729346 host=cogame-battlecode busy=2026-09-04-battlecode-2020-soup
2026-09-04T07:22:11Z 00 deferred idea=1218173818729631 host=cogame-battlecode busy=2026-09-04-battlecode-2020-soup
2026-09-04T07:22:11Z 00 deferred idea=1218173707682926 host=cogame-battlecode busy=2026-09-04-battlecode-2020-soup
2026-09-04T07:22:11Z 00 deferred idea=1218173707344974 host=cogame-battlecode busy=2026-09-04-battlecode-2020-soup
2026-09-04T07:22:11Z 00 deferred idea=1218173818034076 host=cogame-battlecode busy=2026-09-04-battlecode-2020-soup
2026-09-04T07:22:11Z 00 deferred idea=1218173707507614 host=cogame-battlecode busy=2026-09-04-battlecode-2020-soup
2026-09-04T07:22:11Z 00 deferred idea=1218173792280294 host=cogame-battlecode busy=2026-09-04-battlecode-2020-soup
2026-09-04T07:22:11Z heartbeat: nothing to do
2026-09-04T07:35:38Z 00 deferred idea=1218173707173046 host=cogame-battlecode busy=2026-09-04-battlecode-2020-soup
2026-09-04T07:35:38Z 00 deferred idea=1218173707729346 host=cogame-battlecode busy=2026-09-04-battlecode-2020-soup
2026-09-04T07:35:38Z 00 deferred idea=1218173818729631 host=cogame-battlecode busy=2026-09-04-battlecode-2020-soup
2026-09-04T07:35:38Z 00 deferred idea=1218173707682926 host=cogame-battlecode busy=2026-09-04-battlecode-2020-soup
2026-09-04T07:35:38Z 00 deferred idea=1218173707344974 host=cogame-battlecode busy=2026-09-04-battlecode-2020-soup
2026-09-04T07:35:38Z 00 deferred idea=1218173818034076 host=cogame-battlecode busy=2026-09-04-battlecode-2020-soup
2026-09-04T07:35:38Z 00 deferred idea=1218173707507614 host=cogame-battlecode busy=2026-09-04-battlecode-2020-soup
2026-09-04T07:35:38Z 00 deferred idea=1218173792280294 host=cogame-battlecode busy=2026-09-04-battlecode-2020-soup
2026-09-04T07:35:38Z heartbeat: nothing to do
2026-09-04T08:00:49Z 00 deferred idea=1218173707173046 host=cogame-battlecode busy=2026-09-04-battlecode-2020-soup
2026-09-04T08:00:49Z 00 deferred idea=1218173707729346 host=cogame-battlecode busy=2026-09-04-battlecode-2020-soup
2026-09-04T08:00:49Z 00 deferred idea=1218173818729631 host=cogame-battlecode busy=2026-09-04-battlecode-2020-soup
2026-09-04T08:00:49Z 00 deferred idea=1218173707682926 host=cogame-battlecode busy=2026-09-04-battlecode-2020-soup
2026-09-04T08:00:49Z 00 deferred idea=1218173707344974 host=cogame-battlecode busy=2026-09-04-battlecode-2020-soup
2026-09-04T08:00:49Z 00 deferred idea=1218173818034076 host=cogame-battlecode busy=2026-09-04-battlecode-2020-soup
2026-09-04T08:00:49Z 00 deferred idea=1218173707507614 host=cogame-battlecode busy=2026-09-04-battlecode-2020-soup
2026-09-04T08:00:49Z 00 deferred idea=1218173792280294 host=cogame-battlecode busy=2026-09-04-battlecode-2020-soup
2026-09-04T08:00:49Z heartbeat: nothing to do
2026-09-04T08:22:25Z 00 deferred idea=1218173707173046 host=cogame-battlecode busy=2026-09-04-battlecode-2020-soup
2026-09-04T08:22:25Z 00 deferred idea=1218173707729346 host=cogame-battlecode busy=2026-09-04-battlecode-2020-soup
2026-09-04T08:22:25Z 00 deferred idea=1218173818729631 host=cogame-battlecode busy=2026-09-04-battlecode-2020-soup
2026-09-04T08:22:25Z 00 deferred idea=1218173707682926 host=cogame-battlecode busy=2026-09-04-battlecode-2020-soup
2026-09-04T08:22:25Z 00 deferred idea=1218173707344974 host=cogame-battlecode busy=2026-09-04-battlecode-2020-soup
2026-09-04T08:22:25Z 00 deferred idea=1218173818034076 host=cogame-battlecode busy=2026-09-04-battlecode-2020-soup
2026-09-04T08:22:25Z 00 deferred idea=1218173707507614 host=cogame-battlecode busy=2026-09-04-battlecode-2020-soup
2026-09-04T08:22:25Z 00 deferred idea=1218173792280294 host=cogame-battlecode busy=2026-09-04-battlecode-2020-soup
2026-09-04T08:22:25Z heartbeat: nothing to do
2026-09-04T08:41:30Z 00 deferred idea=1218173707173046 host=cogame-battlecode busy=2026-09-04-battlecode-2020-soup
2026-09-04T08:41:30Z 00 deferred idea=1218173707729346 host=cogame-battlecode busy=2026-09-04-battlecode-2020-soup
2026-09-04T08:41:30Z 00 deferred idea=1218173818729631 host=cogame-battlecode busy=2026-09-04-battlecode-2020-soup
2026-09-04T08:41:30Z 00 deferred idea=1218173707682926 host=cogame-battlecode busy=2026-09-04-battlecode-2020-soup
2026-09-04T08:41:30Z 00 deferred idea=1218173707344974 host=cogame-battlecode busy=2026-09-04-battlecode-2020-soup
2026-09-04T08:41:30Z 00 deferred idea=1218173818034076 host=cogame-battlecode busy=2026-09-04-battlecode-2020-soup
2026-09-04T08:41:30Z 00 deferred idea=1218173707507614 host=cogame-battlecode busy=2026-09-04-battlecode-2020-soup
2026-09-04T08:41:30Z 00 deferred idea=1218173792280294 host=cogame-battlecode busy=2026-09-04-battlecode-2020-soup
2026-09-04T08:41:30Z heartbeat: nothing to do
2026-09-04T08:56:09Z 00 deferred idea=1218173707173046 host=cogame-battlecode busy=2026-09-04-battlecode-2020-soup
2026-09-04T08:56:09Z 00 deferred idea=1218173707729346 host=cogame-battlecode busy=2026-09-04-battlecode-2020-soup
2026-09-04T08:56:09Z 00 deferred idea=1218173818729631 host=cogame-battlecode busy=2026-09-04-battlecode-2020-soup
2026-09-04T08:56:09Z 00 deferred idea=1218173707682926 host=cogame-battlecode busy=2026-09-04-battlecode-2020-soup
2026-09-04T08:56:09Z 00 deferred idea=1218173707344974 host=cogame-battlecode busy=2026-09-04-battlecode-2020-soup
2026-09-04T08:56:09Z 00 deferred idea=1218173818034076 host=cogame-battlecode busy=2026-09-04-battlecode-2020-soup
2026-09-04T08:56:09Z 00 deferred idea=1218173707507614 host=cogame-battlecode busy=2026-09-04-battlecode-2020-soup
2026-09-04T08:56:09Z 00 deferred idea=1218173792280294 host=cogame-battlecode busy=2026-09-04-battlecode-2020-soup
2026-09-04T08:56:09Z heartbeat: nothing to do
2026-09-04T09:39:35Z 00 deferred idea=1218173707729346 host=cogame-battlecode busy=2026-09-04-battlecode-2021
2026-09-04T09:39:35Z 00 deferred idea=1218173818729631 host=cogame-battlecode busy=2026-09-04-battlecode-2021
2026-09-04T09:39:35Z 00 deferred idea=1218173707682926 host=cogame-battlecode busy=2026-09-04-battlecode-2021
2026-09-04T09:39:35Z 00 deferred idea=1218173707344974 host=cogame-battlecode busy=2026-09-04-battlecode-2021
2026-09-04T09:39:35Z 00 deferred idea=1218173818034076 host=cogame-battlecode busy=2026-09-04-battlecode-2021
2026-09-04T09:39:35Z 00 deferred idea=1218173707507614 host=cogame-battlecode busy=2026-09-04-battlecode-2021
2026-09-04T09:39:35Z 00 deferred idea=1218173792280294 host=cogame-battlecode busy=2026-09-04-battlecode-2021
2026-09-04T09:39:35Z heartbeat: nothing to do
2026-09-04T09:57:54Z 00 deferred idea=1218173707729346 host=cogame-battlecode busy=2026-09-04-battlecode-2021
2026-09-04T09:57:54Z 00 deferred idea=1218173818729631 host=cogame-battlecode busy=2026-09-04-battlecode-2021
2026-09-04T09:57:54Z 00 deferred idea=1218173707682926 host=cogame-battlecode busy=2026-09-04-battlecode-2021
2026-09-04T09:57:54Z 00 deferred idea=1218173707344974 host=cogame-battlecode busy=2026-09-04-battlecode-2021
2026-09-04T09:57:54Z 00 deferred idea=1218173818034076 host=cogame-battlecode busy=2026-09-04-battlecode-2021
2026-09-04T09:57:54Z 00 deferred idea=1218173707507614 host=cogame-battlecode busy=2026-09-04-battlecode-2021
2026-09-04T09:57:54Z 00 deferred idea=1218173792280294 host=cogame-battlecode busy=2026-09-04-battlecode-2021
2026-09-04T09:57:54Z heartbeat: nothing to do
2026-09-04T10:18:52Z 00 deferred idea=1218173707729346 host=cogame-battlecode busy=2026-09-04-battlecode-2021
2026-09-04T10:18:52Z 00 deferred idea=1218173818729631 host=cogame-battlecode busy=2026-09-04-battlecode-2021
2026-09-04T10:18:52Z 00 deferred idea=1218173707682926 host=cogame-battlecode busy=2026-09-04-battlecode-2021
2026-09-04T10:18:52Z 00 deferred idea=1218173707344974 host=cogame-battlecode busy=2026-09-04-battlecode-2021
2026-09-04T10:18:52Z 00 deferred idea=1218173818034076 host=cogame-battlecode busy=2026-09-04-battlecode-2021
2026-09-04T10:18:52Z 00 deferred idea=1218173707507614 host=cogame-battlecode busy=2026-09-04-battlecode-2021
2026-09-04T10:18:52Z 00 deferred idea=1218173792280294 host=cogame-battlecode busy=2026-09-04-battlecode-2021
2026-09-04T10:18:52Z heartbeat: nothing to do
2026-09-04T10:35:13Z 00 deferred idea=1218173707729346 host=cogame-battlecode busy=2026-09-04-battlecode-2021
2026-09-04T10:35:13Z 00 deferred idea=1218173818729631 host=cogame-battlecode busy=2026-09-04-battlecode-2021
2026-09-04T10:35:13Z 00 deferred idea=1218173707682926 host=cogame-battlecode busy=2026-09-04-battlecode-2021
2026-09-04T10:35:13Z 00 deferred idea=1218173707344974 host=cogame-battlecode busy=2026-09-04-battlecode-2021
2026-09-04T10:35:13Z 00 deferred idea=1218173818034076 host=cogame-battlecode busy=2026-09-04-battlecode-2021
2026-09-04T10:35:13Z 00 deferred idea=1218173707507614 host=cogame-battlecode busy=2026-09-04-battlecode-2021
2026-09-04T10:35:13Z 00 deferred idea=1218173792280294 host=cogame-battlecode busy=2026-09-04-battlecode-2021
2026-09-04T10:35:13Z heartbeat: nothing to do
2026-09-04T10:56:16Z 00 deferred idea=1218173707729346 host=cogame-battlecode busy=2026-09-04-battlecode-2021
2026-09-04T10:56:16Z 00 deferred idea=1218173818729631 host=cogame-battlecode busy=2026-09-04-battlecode-2021
2026-09-04T10:56:16Z 00 deferred idea=1218173707682926 host=cogame-battlecode busy=2026-09-04-battlecode-2021
2026-09-04T10:56:16Z 00 deferred idea=1218173707344974 host=cogame-battlecode busy=2026-09-04-battlecode-2021
2026-09-04T10:56:16Z 00 deferred idea=1218173818034076 host=cogame-battlecode busy=2026-09-04-battlecode-2021
2026-09-04T10:56:16Z 00 deferred idea=1218173707507614 host=cogame-battlecode busy=2026-09-04-battlecode-2021
2026-09-04T10:56:16Z 00 deferred idea=1218173792280294 host=cogame-battlecode busy=2026-09-04-battlecode-2021
2026-09-04T10:56:16Z heartbeat: nothing to do
2026-09-04T11:20:14Z 00 deferred idea=1218173707729346 host=cogame-battlecode busy=2026-09-04-battlecode-2021
2026-09-04T11:20:14Z 00 deferred idea=1218173818729631 host=cogame-battlecode busy=2026-09-04-battlecode-2021
2026-09-04T11:20:14Z 00 deferred idea=1218173707682926 host=cogame-battlecode busy=2026-09-04-battlecode-2021
2026-09-04T11:20:14Z 00 deferred idea=1218173707344974 host=cogame-battlecode busy=2026-09-04-battlecode-2021
2026-09-04T11:20:14Z 00 deferred idea=1218173818034076 host=cogame-battlecode busy=2026-09-04-battlecode-2021
2026-09-04T11:20:14Z 00 deferred idea=1218173707507614 host=cogame-battlecode busy=2026-09-04-battlecode-2021
2026-09-04T11:20:14Z 00 deferred idea=1218173792280294 host=cogame-battlecode busy=2026-09-04-battlecode-2021
2026-09-04T11:20:14Z heartbeat: nothing to do
2026-09-04T11:34:41Z 00 deferred idea=1218173707729346 host=cogame-battlecode busy=2026-09-04-battlecode-2021
2026-09-04T11:34:41Z 00 deferred idea=1218173818729631 host=cogame-battlecode busy=2026-09-04-battlecode-2021
2026-09-04T11:34:41Z 00 deferred idea=1218173707682926 host=cogame-battlecode busy=2026-09-04-battlecode-2021
2026-09-04T11:34:41Z 00 deferred idea=1218173707344974 host=cogame-battlecode busy=2026-09-04-battlecode-2021
2026-09-04T11:34:41Z 00 deferred idea=1218173818034076 host=cogame-battlecode busy=2026-09-04-battlecode-2021
2026-09-04T11:34:41Z 00 deferred idea=1218173707507614 host=cogame-battlecode busy=2026-09-04-battlecode-2021
2026-09-04T11:34:41Z 00 deferred idea=1218173792280294 host=cogame-battlecode busy=2026-09-04-battlecode-2021
2026-09-04T11:34:41Z heartbeat: nothing to do
2026-09-04T12:01:15Z 00 deferred idea=1218173707729346 host=cogame-battlecode busy=2026-09-04-battlecode-2021
2026-09-04T12:01:15Z 00 deferred idea=1218173818729631 host=cogame-battlecode busy=2026-09-04-battlecode-2021
2026-09-04T12:01:15Z 00 deferred idea=1218173707682926 host=cogame-battlecode busy=2026-09-04-battlecode-2021
2026-09-04T12:01:15Z 00 deferred idea=1218173707344974 host=cogame-battlecode busy=2026-09-04-battlecode-2021
2026-09-04T12:01:15Z 00 deferred idea=1218173818034076 host=cogame-battlecode busy=2026-09-04-battlecode-2021
2026-09-04T12:01:15Z 00 deferred idea=1218173707507614 host=cogame-battlecode busy=2026-09-04-battlecode-2021
2026-09-04T12:01:15Z 00 deferred idea=1218173792280294 host=cogame-battlecode busy=2026-09-04-battlecode-2021
2026-09-04T12:01:15Z heartbeat: nothing to do
2026-09-04T12:17:55Z 00 deferred idea=1218173707729346 host=cogame-battlecode busy=2026-09-04-battlecode-2021
2026-09-04T12:17:55Z 00 deferred idea=1218173818729631 host=cogame-battlecode busy=2026-09-04-battlecode-2021
2026-09-04T12:17:55Z 00 deferred idea=1218173707682926 host=cogame-battlecode busy=2026-09-04-battlecode-2021
2026-09-04T12:17:55Z 00 deferred idea=1218173707344974 host=cogame-battlecode busy=2026-09-04-battlecode-2021
2026-09-04T12:17:55Z 00 deferred idea=1218173818034076 host=cogame-battlecode busy=2026-09-04-battlecode-2021
2026-09-04T12:17:55Z 00 deferred idea=1218173707507614 host=cogame-battlecode busy=2026-09-04-battlecode-2021
2026-09-04T12:17:55Z 00 deferred idea=1218173792280294 host=cogame-battlecode busy=2026-09-04-battlecode-2021
2026-09-04T12:17:55Z heartbeat: nothing to do
2026-09-04T12:33:48Z 00 deferred idea=1218173707729346 host=cogame-battlecode busy=2026-09-04-battlecode-2021
2026-09-04T12:33:48Z 00 deferred idea=1218173818729631 host=cogame-battlecode busy=2026-09-04-battlecode-2021
2026-09-04T12:33:48Z 00 deferred idea=1218173707682926 host=cogame-battlecode busy=2026-09-04-battlecode-2021
2026-09-04T12:33:48Z 00 deferred idea=1218173707344974 host=cogame-battlecode busy=2026-09-04-battlecode-2021
2026-09-04T12:33:48Z 00 deferred idea=1218173818034076 host=cogame-battlecode busy=2026-09-04-battlecode-2021
2026-09-04T12:33:48Z 00 deferred idea=1218173707507614 host=cogame-battlecode busy=2026-09-04-battlecode-2021
2026-09-04T12:33:48Z 00 deferred idea=1218173792280294 host=cogame-battlecode busy=2026-09-04-battlecode-2021
2026-09-04T12:33:48Z heartbeat: nothing to do
2026-09-04T13:16:30Z 00 deferred idea=1218173707729346 host=cogame-battlecode busy=2026-09-04-battlecode-2021
2026-09-04T13:16:30Z 00 deferred idea=1218173818729631 host=cogame-battlecode busy=2026-09-04-battlecode-2021
2026-09-04T13:16:30Z 00 deferred idea=1218173707682926 host=cogame-battlecode busy=2026-09-04-battlecode-2021
2026-09-04T13:16:30Z 00 deferred idea=1218173707344974 host=cogame-battlecode busy=2026-09-04-battlecode-2021
2026-09-04T13:16:30Z 00 deferred idea=1218173818034076 host=cogame-battlecode busy=2026-09-04-battlecode-2021
2026-09-04T13:16:30Z 00 deferred idea=1218173707507614 host=cogame-battlecode busy=2026-09-04-battlecode-2021
2026-09-04T13:16:30Z 00 deferred idea=1218173792280294 host=cogame-battlecode busy=2026-09-04-battlecode-2021
2026-09-04T13:16:30Z heartbeat: nothing to do
2026-09-04T13:38:30Z 00 deferred idea=1218173707729346 host=cogame-battlecode busy=2026-09-04-battlecode-2021
2026-09-04T13:38:30Z 00 deferred idea=1218173818729631 host=cogame-battlecode busy=2026-09-04-battlecode-2021
2026-09-04T13:38:30Z 00 deferred idea=1218173707682926 host=cogame-battlecode busy=2026-09-04-battlecode-2021
2026-09-04T13:38:30Z 00 deferred idea=1218173707344974 host=cogame-battlecode busy=2026-09-04-battlecode-2021
2026-09-04T13:38:30Z 00 deferred idea=1218173818034076 host=cogame-battlecode busy=2026-09-04-battlecode-2021
2026-09-04T13:38:30Z 00 deferred idea=1218173707507614 host=cogame-battlecode busy=2026-09-04-battlecode-2021
2026-09-04T13:38:30Z 00 deferred idea=1218173792280294 host=cogame-battlecode busy=2026-09-04-battlecode-2021
2026-09-04T13:38:30Z heartbeat: nothing to do
2026-09-04T13:45:32Z 00 yield run=2026-09-04-battlecode-2021 to=session-fe001725 (my session went stale in a long builder thread; live session resumed 12:53Z and is fresh; rebase conflict + foreign nonce -> exit. Note: this session merged PR 3 (merge sha bdc06b0488817d6079ab4e2797c7fe1a83adbde8) at ~13:42Z before observing the takeover — the live session was awaiting exactly that merge; builder build-report.md exists only in this container, its content is mirrored in PR 3 / docs/PARITY.md / parity_ledger_bc21.json)
2026-09-04T13:56:52Z 00 deferred idea=1218173707729346 host=cogame-battlecode busy=2026-09-04-battlecode-2021
2026-09-04T13:56:52Z 00 deferred idea=1218173818729631 host=cogame-battlecode busy=2026-09-04-battlecode-2021
2026-09-04T13:56:52Z 00 deferred idea=1218173707682926 host=cogame-battlecode busy=2026-09-04-battlecode-2021
2026-09-04T13:56:52Z 00 deferred idea=1218173707344974 host=cogame-battlecode busy=2026-09-04-battlecode-2021
2026-09-04T13:56:52Z 00 deferred idea=1218173818034076 host=cogame-battlecode busy=2026-09-04-battlecode-2021
2026-09-04T13:56:52Z 00 deferred idea=1218173707507614 host=cogame-battlecode busy=2026-09-04-battlecode-2021
2026-09-04T13:56:52Z 00 deferred idea=1218173792280294 host=cogame-battlecode busy=2026-09-04-battlecode-2021
2026-09-04T13:56:52Z heartbeat: nothing to do
2026-09-04T14:18:03Z 00 deferred idea=1218173707729346 host=cogame-battlecode busy=2026-09-04-battlecode-2021
2026-09-04T14:18:03Z 00 deferred idea=1218173818729631 host=cogame-battlecode busy=2026-09-04-battlecode-2021
2026-09-04T14:18:03Z 00 deferred idea=1218173707682926 host=cogame-battlecode busy=2026-09-04-battlecode-2021
2026-09-04T14:18:03Z 00 deferred idea=1218173707344974 host=cogame-battlecode busy=2026-09-04-battlecode-2021
2026-09-04T14:18:03Z 00 deferred idea=1218173818034076 host=cogame-battlecode busy=2026-09-04-battlecode-2021
2026-09-04T14:18:03Z 00 deferred idea=1218173707507614 host=cogame-battlecode busy=2026-09-04-battlecode-2021
2026-09-04T14:18:03Z 00 deferred idea=1218173792280294 host=cogame-battlecode busy=2026-09-04-battlecode-2021
2026-09-04T14:18:03Z heartbeat: nothing to do
2026-09-04T14:35:53Z 00 deferred idea=1218173707729346 host=cogame-battlecode busy=2026-09-04-battlecode-2021 (bc24)
2026-09-04T14:35:53Z 00 deferred idea=1218173818729631 host=cogame-battlecode busy=2026-09-04-battlecode-2021 (bc25)
2026-09-04T14:35:53Z 00 deferred idea=1218173707682926 host=cogame-battlecode busy=2026-09-04-battlecode-2021 (bc23)
2026-09-04T14:35:53Z 00 deferred idea=1218173707344974 host=cogame-battlecode busy=2026-09-04-battlecode-2021 (bc22)
2026-09-04T14:35:53Z 00 deferred idea=1218173818034076 host=cogame-battlecode busy=2026-09-04-battlecode-2021 (bc16)
2026-09-04T14:35:53Z 00 deferred idea=1218173707507614 host=cogame-battlecode busy=2026-09-04-battlecode-2021 (bc19)
2026-09-04T14:35:53Z 00 deferred idea=1218173792280294 host=cogame-battlecode busy=2026-09-04-battlecode-2021 (bc17)
2026-09-04T14:35:53Z heartbeat: nothing to do
2026-09-04T15:02:01Z 00 deferred idea=1218173707729346 host=cogame-battlecode busy=2026-09-04-battlecode-2021 (bc24)
2026-09-04T15:02:01Z 00 deferred idea=1218173818729631 host=cogame-battlecode busy=2026-09-04-battlecode-2021 (bc25)
2026-09-04T15:02:01Z 00 deferred idea=1218173707682926 host=cogame-battlecode busy=2026-09-04-battlecode-2021 (bc23)
2026-09-04T15:02:01Z 00 deferred idea=1218173707344974 host=cogame-battlecode busy=2026-09-04-battlecode-2021 (bc22)
2026-09-04T15:02:01Z 00 deferred idea=1218173818034076 host=cogame-battlecode busy=2026-09-04-battlecode-2021 (bc16)
2026-09-04T15:02:01Z 00 deferred idea=1218173707507614 host=cogame-battlecode busy=2026-09-04-battlecode-2021 (bc19)
2026-09-04T15:02:01Z 00 deferred idea=1218173792280294 host=cogame-battlecode busy=2026-09-04-battlecode-2021 (bc17)
2026-09-04T15:02:01Z heartbeat: nothing to do
2026-09-04T15:17:36Z 00 deferred idea=1218173707729346 host=cogame-battlecode busy=2026-09-04-battlecode-2021 (bc24)
2026-09-04T15:17:36Z 00 deferred idea=1218173818729631 host=cogame-battlecode busy=2026-09-04-battlecode-2021 (bc25)
2026-09-04T15:17:36Z 00 deferred idea=1218173707682926 host=cogame-battlecode busy=2026-09-04-battlecode-2021 (bc23)
2026-09-04T15:17:36Z 00 deferred idea=1218173707344974 host=cogame-battlecode busy=2026-09-04-battlecode-2021 (bc22)
2026-09-04T15:17:36Z 00 deferred idea=1218173818034076 host=cogame-battlecode busy=2026-09-04-battlecode-2021 (bc16)
2026-09-04T15:17:36Z 00 deferred idea=1218173707507614 host=cogame-battlecode busy=2026-09-04-battlecode-2021 (bc19)
2026-09-04T15:17:36Z 00 deferred idea=1218173792280294 host=cogame-battlecode busy=2026-09-04-battlecode-2021 (bc17)
2026-09-04T15:17:36Z heartbeat: nothing to do
2026-09-04T15:38:35Z 00 deferred idea=1218173707729346 host=cogame-battlecode busy=2026-09-04-battlecode-2021
2026-09-04T15:38:35Z 00 deferred idea=1218173818729631 host=cogame-battlecode busy=2026-09-04-battlecode-2021
2026-09-04T15:38:35Z 00 deferred idea=1218173707682926 host=cogame-battlecode busy=2026-09-04-battlecode-2021
2026-09-04T15:38:35Z 00 deferred idea=1218173707344974 host=cogame-battlecode busy=2026-09-04-battlecode-2021
2026-09-04T15:38:35Z 00 deferred idea=1218173818034076 host=cogame-battlecode busy=2026-09-04-battlecode-2021
2026-09-04T15:38:35Z 00 deferred idea=1218173707507614 host=cogame-battlecode busy=2026-09-04-battlecode-2021
2026-09-04T15:38:35Z 00 deferred idea=1218173792280294 host=cogame-battlecode busy=2026-09-04-battlecode-2021
2026-09-04T15:38:35Z heartbeat: nothing to do
2026-09-04T15:59:06Z 00 deferred idea=1218173707729346 host=cogame-battlecode busy=2026-09-04-battlecode-2021
2026-09-04T15:59:06Z 00 deferred idea=1218173818729631 host=cogame-battlecode busy=2026-09-04-battlecode-2021
2026-09-04T15:59:06Z 00 deferred idea=1218173707682926 host=cogame-battlecode busy=2026-09-04-battlecode-2021
2026-09-04T15:59:06Z 00 deferred idea=1218173707344974 host=cogame-battlecode busy=2026-09-04-battlecode-2021
2026-09-04T15:59:06Z 00 deferred idea=1218173818034076 host=cogame-battlecode busy=2026-09-04-battlecode-2021
2026-09-04T15:59:06Z 00 deferred idea=1218173707507614 host=cogame-battlecode busy=2026-09-04-battlecode-2021
2026-09-04T15:59:06Z 00 deferred idea=1218173792280294 host=cogame-battlecode busy=2026-09-04-battlecode-2021
2026-09-04T15:59:06Z heartbeat: nothing to do
2026-09-04T16:17:34Z 00 deferred idea=1218173707729346 host=cogame-battlecode busy=2026-09-04-battlecode-2021
2026-09-04T16:17:34Z 00 deferred idea=1218173818729631 host=cogame-battlecode busy=2026-09-04-battlecode-2021
2026-09-04T16:17:34Z 00 deferred idea=1218173707682926 host=cogame-battlecode busy=2026-09-04-battlecode-2021
2026-09-04T16:17:34Z 00 deferred idea=1218173707344974 host=cogame-battlecode busy=2026-09-04-battlecode-2021
2026-09-04T16:17:34Z 00 deferred idea=1218173818034076 host=cogame-battlecode busy=2026-09-04-battlecode-2021
2026-09-04T16:17:34Z 00 deferred idea=1218173707507614 host=cogame-battlecode busy=2026-09-04-battlecode-2021
2026-09-04T16:17:34Z 00 deferred idea=1218173792280294 host=cogame-battlecode busy=2026-09-04-battlecode-2021
2026-09-04T16:17:34Z heartbeat: nothing to do
2026-09-04T16:37:31Z 00 deferred idea=1218173707729346 host=cogame-battlecode busy=2026-09-04-battlecode-2021
2026-09-04T16:37:31Z 00 deferred idea=1218173818729631 host=cogame-battlecode busy=2026-09-04-battlecode-2021
2026-09-04T16:37:31Z 00 deferred idea=1218173707682926 host=cogame-battlecode busy=2026-09-04-battlecode-2021
2026-09-04T16:37:31Z 00 deferred idea=1218173707344974 host=cogame-battlecode busy=2026-09-04-battlecode-2021
2026-09-04T16:37:31Z 00 deferred idea=1218173818034076 host=cogame-battlecode busy=2026-09-04-battlecode-2021
2026-09-04T16:37:31Z 00 deferred idea=1218173707507614 host=cogame-battlecode busy=2026-09-04-battlecode-2021
2026-09-04T16:37:31Z 00 deferred idea=1218173792280294 host=cogame-battlecode busy=2026-09-04-battlecode-2021
2026-09-04T16:37:31Z heartbeat: nothing to do
2026-09-04T17:16:23Z 00 deferred idea=1218173818729631 host=cogame-battlecode busy=2026-09-04-battlecode-2024
2026-09-04T17:16:23Z 00 deferred idea=1218173707682926 host=cogame-battlecode busy=2026-09-04-battlecode-2024
2026-09-04T17:16:23Z 00 deferred idea=1218173707344974 host=cogame-battlecode busy=2026-09-04-battlecode-2024
2026-09-04T17:16:23Z 00 deferred idea=1218173818034076 host=cogame-battlecode busy=2026-09-04-battlecode-2024
2026-09-04T17:16:23Z 00 deferred idea=1218173707507614 host=cogame-battlecode busy=2026-09-04-battlecode-2024
2026-09-04T17:16:23Z 00 deferred idea=1218173792280294 host=cogame-battlecode busy=2026-09-04-battlecode-2024
2026-09-04T17:16:23Z heartbeat: nothing to do
2026-09-04T17:37:23Z 00 deferred idea=1218173818729631 host=cogame-battlecode busy=2026-09-04-battlecode-2024
2026-09-04T17:37:23Z 00 deferred idea=1218173707682926 host=cogame-battlecode busy=2026-09-04-battlecode-2024
2026-09-04T17:37:23Z 00 deferred idea=1218173707344974 host=cogame-battlecode busy=2026-09-04-battlecode-2024
2026-09-04T17:37:23Z 00 deferred idea=1218173818034076 host=cogame-battlecode busy=2026-09-04-battlecode-2024
2026-09-04T17:37:23Z 00 deferred idea=1218173707507614 host=cogame-battlecode busy=2026-09-04-battlecode-2024
2026-09-04T17:37:23Z 00 deferred idea=1218173792280294 host=cogame-battlecode busy=2026-09-04-battlecode-2024
2026-09-04T17:37:23Z heartbeat: nothing to do
2026-09-04T17:53:34Z 00 deferred idea=1218173818729631 host=cogame-battlecode busy=2026-09-04-battlecode-2024
2026-09-04T17:53:34Z 00 deferred idea=1218173707682926 host=cogame-battlecode busy=2026-09-04-battlecode-2024
2026-09-04T17:53:34Z 00 deferred idea=1218173707344974 host=cogame-battlecode busy=2026-09-04-battlecode-2024
2026-09-04T17:53:34Z 00 deferred idea=1218173818034076 host=cogame-battlecode busy=2026-09-04-battlecode-2024
2026-09-04T17:53:34Z 00 deferred idea=1218173707507614 host=cogame-battlecode busy=2026-09-04-battlecode-2024
2026-09-04T17:53:34Z 00 deferred idea=1218173792280294 host=cogame-battlecode busy=2026-09-04-battlecode-2024
2026-09-04T17:53:34Z heartbeat: nothing to do
2026-09-04T18:13:41Z 00 deferred idea=1218173818729631 host=cogame-battlecode busy=2026-09-04-battlecode-2024
2026-09-04T18:13:41Z 00 deferred idea=1218173707682926 host=cogame-battlecode busy=2026-09-04-battlecode-2024
2026-09-04T18:13:41Z 00 deferred idea=1218173707344974 host=cogame-battlecode busy=2026-09-04-battlecode-2024
2026-09-04T18:13:41Z 00 deferred idea=1218173818034076 host=cogame-battlecode busy=2026-09-04-battlecode-2024
2026-09-04T18:13:41Z 00 deferred idea=1218173707507614 host=cogame-battlecode busy=2026-09-04-battlecode-2024
2026-09-04T18:13:41Z 00 deferred idea=1218173792280294 host=cogame-battlecode busy=2026-09-04-battlecode-2024
2026-09-04T18:13:41Z heartbeat: nothing to do
2026-09-04T18:38:25Z heartbeat: nothing to do
2026-09-04T18:38:25Z 00 deferred idea=1218173818729631 host=cogame-battlecode busy=2026-09-04-battlecode-2024
2026-09-04T18:38:25Z 00 deferred idea=1218173707682926 host=cogame-battlecode busy=2026-09-04-battlecode-2024
2026-09-04T18:38:25Z 00 deferred idea=1218173707344974 host=cogame-battlecode busy=2026-09-04-battlecode-2024
2026-09-04T18:38:25Z 00 deferred idea=1218173818034076 host=cogame-battlecode busy=2026-09-04-battlecode-2024
2026-09-04T18:38:25Z 00 deferred idea=1218173707507614 host=cogame-battlecode busy=2026-09-04-battlecode-2024
2026-09-04T18:38:25Z 00 deferred idea=1218173792280294 host=cogame-battlecode busy=2026-09-04-battlecode-2024
2026-09-04T19:01:48Z 00 deferred idea=1218173818729631 host=cogame-battlecode busy=2026-09-04-battlecode-2024
2026-09-04T19:01:48Z 00 deferred idea=1218173707682926 host=cogame-battlecode busy=2026-09-04-battlecode-2024
2026-09-04T19:01:48Z 00 deferred idea=1218173707344974 host=cogame-battlecode busy=2026-09-04-battlecode-2024
2026-09-04T19:01:48Z 00 deferred idea=1218173818034076 host=cogame-battlecode busy=2026-09-04-battlecode-2024
2026-09-04T19:01:48Z 00 deferred idea=1218173707507614 host=cogame-battlecode busy=2026-09-04-battlecode-2024
2026-09-04T19:01:48Z 00 deferred idea=1218173792280294 host=cogame-battlecode busy=2026-09-04-battlecode-2024
2026-09-04T19:01:48Z heartbeat: nothing to do
2026-09-04T19:19:45Z 00 deferred idea=1218173818729631 host=cogame-battlecode busy=2026-09-04-battlecode-2024
2026-09-04T19:19:45Z 00 deferred idea=1218173707682926 host=cogame-battlecode busy=2026-09-04-battlecode-2024
2026-09-04T19:19:45Z 00 deferred idea=1218173707344974 host=cogame-battlecode busy=2026-09-04-battlecode-2024
2026-09-04T19:19:45Z 00 deferred idea=1218173818034076 host=cogame-battlecode busy=2026-09-04-battlecode-2024
2026-09-04T19:19:45Z 00 deferred idea=1218173707507614 host=cogame-battlecode busy=2026-09-04-battlecode-2024
2026-09-04T19:19:45Z 00 deferred idea=1218173792280294 host=cogame-battlecode busy=2026-09-04-battlecode-2024
2026-09-04T19:19:45Z heartbeat: nothing to do
2026-09-04T19:35:52Z 00 deferred idea=1218173818729631 host=cogame-battlecode busy=2026-09-04-battlecode-2024
2026-09-04T19:35:52Z 00 deferred idea=1218173707682926 host=cogame-battlecode busy=2026-09-04-battlecode-2024
2026-09-04T19:35:52Z 00 deferred idea=1218173707344974 host=cogame-battlecode busy=2026-09-04-battlecode-2024
2026-09-04T19:35:52Z 00 deferred idea=1218173818034076 host=cogame-battlecode busy=2026-09-04-battlecode-2024
2026-09-04T19:35:52Z 00 deferred idea=1218173707507614 host=cogame-battlecode busy=2026-09-04-battlecode-2024
2026-09-04T19:35:52Z 00 deferred idea=1218173792280294 host=cogame-battlecode busy=2026-09-04-battlecode-2024
2026-09-04T19:35:52Z heartbeat: nothing to do
2026-09-04T19:54:19Z 00 deferred idea=1218173818729631 host=cogame-battlecode busy=2026-09-04-battlecode-2024
2026-09-04T19:54:19Z 00 deferred idea=1218173707682926 host=cogame-battlecode busy=2026-09-04-battlecode-2024
2026-09-04T19:54:19Z 00 deferred idea=1218173707344974 host=cogame-battlecode busy=2026-09-04-battlecode-2024
2026-09-04T19:54:19Z 00 deferred idea=1218173818034076 host=cogame-battlecode busy=2026-09-04-battlecode-2024
2026-09-04T19:54:19Z 00 deferred idea=1218173707507614 host=cogame-battlecode busy=2026-09-04-battlecode-2024
2026-09-04T19:54:19Z 00 deferred idea=1218173792280294 host=cogame-battlecode busy=2026-09-04-battlecode-2024
2026-09-04T19:54:19Z heartbeat: nothing to do
2026-09-04T20:15:37Z 00 deferred idea=1218173707729346 host=cogame-battlecode busy=2026-09-04-battlecode-2024
2026-09-04T20:15:37Z 00 deferred idea=1218173818729631 host=cogame-battlecode busy=2026-09-04-battlecode-2024
2026-09-04T20:15:37Z 00 deferred idea=1218173707682926 host=cogame-battlecode busy=2026-09-04-battlecode-2024
2026-09-04T20:15:37Z 00 deferred idea=1218173707344974 host=cogame-battlecode busy=2026-09-04-battlecode-2024
2026-09-04T20:15:37Z 00 deferred idea=1218173818034076 host=cogame-battlecode busy=2026-09-04-battlecode-2024
2026-09-04T20:15:37Z 00 deferred idea=1218173707507614 host=cogame-battlecode busy=2026-09-04-battlecode-2024
2026-09-04T20:15:37Z 00 deferred idea=1218173792280294 host=cogame-battlecode busy=2026-09-04-battlecode-2024
2026-09-04T20:15:37Z heartbeat: nothing to do
2026-09-04T20:56:15Z 00 deferred idea=1218173818729631 host=cogame-battlecode busy=2026-09-04-battlecode-2024
2026-09-04T20:56:15Z 00 deferred idea=1218173707682926 host=cogame-battlecode busy=2026-09-04-battlecode-2024
2026-09-04T20:56:15Z 00 deferred idea=1218173707344974 host=cogame-battlecode busy=2026-09-04-battlecode-2024
2026-09-04T20:56:15Z 00 deferred idea=1218173818034076 host=cogame-battlecode busy=2026-09-04-battlecode-2024
2026-09-04T20:56:15Z 00 deferred idea=1218173707507614 host=cogame-battlecode busy=2026-09-04-battlecode-2024
2026-09-04T20:56:15Z 00 deferred idea=1218173792280294 host=cogame-battlecode busy=2026-09-04-battlecode-2024
2026-09-04T20:56:15Z heartbeat: nothing to do
2026-09-05T06:40:30Z heartbeat: builder board unreachable (403 on project 1217747772236871 via tasks list, project GET, sections, direct task GET; ASANA_PAT valid — users/me and Ideas board OK) — exiting per 00-claim retry budget
2026-09-05T06:46:00Z heartbeat: builder board still unreachable (403 on tasks list, project GET, section 1217747860567752 tasks, direct GET task 1218192717760615; ASANA_PAT valid — users/me 200, Ideas board 200, workspace Softmax member). Second consecutive heartbeat; permission on project appears revoked for the PAT user. Cannot resume stale run battlecode-2024 (nonce guard needs the task's heartbeat_at field). Exiting per 00-claim retry budget; next heartbeat retries.
2026-09-05T06:54:00Z heartbeat: builder board still unreachable (403 on project 1217747772236871: tasks list, project GET, direct task GET 1218192717760615, workspace typeahead does not surface the project; ASANA_PAT valid — users/me 200, Coworld Ideas 200). Third consecutive heartbeat since 06:40Z (~14 min). Cannot count live runs, resume, or claim without the board. Exiting per 00-claim retry budget; if this persists past 45 min it is a Blocked-class permission loss but no Blocked subtask can be filed without board access — human attention needed on the PAT's project permission.
2026-09-05T07:21:31Z heartbeat: builder board still unreachable (403 on tasks list, section 1217747860567752 tasks, direct task GET 1218192717760615; ASANA_PAT valid — users/me 200). Fourth consecutive heartbeat since 06:40Z (~41 min) — now at the 45-min Blocked-class threshold for a permission loss, but no Blocked subtask or Fleet card can be filed without board access. Cannot count live, resume stale run 2026-09-04-battlecode-2024 (operator-comment read and nonce-guard step 5.0.4 both need the task), or claim. HUMAN NEEDED: restore Asana project 1217747772236871 access for the PAT user Cogent (1213404114435645). Exiting per 00-claim retry budget.
2026-09-05T07:35:22Z heartbeat: builder board still unreachable (403 on tasks list, project GET, section 1217747860567752 tasks; ASANA_PAT valid — users/me 200, Ideas board 200; workspace project list confirms project 1217747772236871 absent for PAT user Cogent 1213404114435645). Fifth consecutive heartbeat since 06:40Z (~55 min) — past the 45-min Blocked-class threshold for a permission loss. No Asana board write possible, so escalated to Discord #coworlds per the 00-claim 3.5 escalation shape: message id 1545698843885183116, title 'QUEUE STALLED 2026-09-05: Coworld Builder board unreachable (Asana 403)', deduped against the channel's last 50 messages before posting. HUMAN NEEDED: restore project 1217747772236871 access for the PAT user. Exiting; next heartbeat retries the board and dedupes any further escalation by that title.
2026-09-05T07:59:30Z heartbeat: builder board still unreachable (403 on tasks list, project GET, section 1217747860567752 tasks; ASANA_PAT valid — users/me 200 as Cogent 1213404114435645, Ideas board 200). Sixth consecutive heartbeat since 06:40Z (~78 min). Discord escalation for 2026-09-05 already posted (msg 1545698843885183116) — deduped, not reposted. Cannot count live, resume stale run 2026-09-04-battlecode-2024 (nonce guard 5.0.4 needs the task's heartbeat_at field), or claim. HUMAN NEEDED: restore Asana project 1217747772236871 access for PAT user Cogent. Exiting; next heartbeat retries.
2026-09-05T08:12:00Z heartbeat: builder board still unreachable (403 on tasks list, project GET, section 1217747860567752 tasks, direct task GET 1218192717760615; project absent from workspace project list; ASANA_PAT valid — users/me 200 as Cogent 1213404114435645, Ideas board 200). Seventh consecutive heartbeat since 06:40Z (~92 min). Discord escalation for 2026-09-05 confirmed still present in channel (msg 1545698843885183116) — deduped, not reposted. Cannot count live, resume stale run 2026-09-04-battlecode-2024 (nonce guard 5.0.4 needs the task's heartbeat_at field), or claim. HUMAN NEEDED: restore Asana project 1217747772236871 access for PAT user Cogent. Exiting; next heartbeat retries.
2026-09-05T08:39:30Z heartbeat: builder board still unreachable (403 on tasks list, project GET, section 1217747860567752 tasks, direct task GET 1218192717760615; ASANA_PAT valid — users/me 200 as Cogent 1213404114435645, Ideas board 200). Eighth consecutive heartbeat since 06:40Z (~119 min). Discord escalation for 2026-09-05 confirmed still present (msg 1545698843885183116) — deduped, not reposted. Cannot count live, resume stale run 2026-09-04-battlecode-2024 (nonce guard 5.0.4 needs the task's heartbeat_at field), or claim. HUMAN NEEDED: restore Asana project 1217747772236871 access for PAT user Cogent. Exiting; next heartbeat retries.
2026-09-05T09:02:00Z heartbeat: builder board still unreachable (403 on tasks list, project GET, sections list, direct task GET 1218192717760615; ASANA_PAT valid — users/me 200 as Cogent 1213404114435645, Ideas board 200). Ninth consecutive heartbeat since 06:40Z (~142 min). Discord escalation for 2026-09-05 confirmed still present (msg 1545698843885183116) — deduped, not reposted. Cannot count live, resume stale run 2026-09-04-battlecode-2024 (operator-comment read and nonce guard 5.0.4 need the task), or claim. HUMAN NEEDED: restore Asana project 1217747772236871 access for PAT user Cogent. Exiting per 00-claim retry budget; next heartbeat retries.
2026-09-05T09:11:00Z heartbeat: builder board still unreachable (403 on tasks list, project GET, direct task GET 1218192717760615; ASANA_PAT valid — users/me 200 as Cogent 1213404114435645, Ideas board 200). Tenth consecutive heartbeat since 06:40Z (~151 min). Discord escalation for 2026-09-05 confirmed still present (msg 1545698843885183116) — deduped, not reposted. Cannot count live, resume stale run 2026-09-04-battlecode-2024 (operator-comment read and nonce guard 5.0.4 need the task), or claim. HUMAN NEEDED: restore Asana project 1217747772236871 access for PAT user Cogent. Exiting per 00-claim retry budget; next heartbeat retries.
2026-09-05T09:39:35Z heartbeat: builder board still unreachable (403 on tasks list, project GET, sections list, section 1217747860567752 tasks, direct task GET 1218192717760615; project 1217747772236871 absent from full paginated workspace project list; ASANA_PAT valid — users/me 200 as Cogent 1213404114435645, Ideas board 200). Eleventh consecutive heartbeat since 06:40Z (~179 min). Discord escalation for 2026-09-05 confirmed still present (msg 1545698843885183116) — deduped, not reposted. Cannot count live, resume stale run 2026-09-04-battlecode-2024 (operator-comment read and nonce guard 5.0.4 need the task), or claim. HUMAN NEEDED: restore Asana project 1217747772236871 access for PAT user Cogent. Exiting per 00-claim retry budget; next heartbeat retries.
2026-09-05T09:57:00Z heartbeat: builder board still unreachable (403 on tasks list, project GET, sections list, direct task GET 1218192717760615; ASANA_PAT valid — users/me 200 as Cogent 1213404114435645, Ideas board 200). Twelfth consecutive heartbeat since 06:40Z (~197 min). Discord escalation for 2026-09-05 confirmed still present (msg 1545698843885183116) — deduped, not reposted. Cannot count live, resume stale run 2026-09-04-battlecode-2024 (operator-comment read and nonce guard 5.0.4 need the task), or claim. HUMAN NEEDED: restore Asana project 1217747772236871 access for PAT user Cogent. Exiting per 00-claim retry budget; next heartbeat retries.
2026-09-05T10:22:00Z heartbeat: builder board still unreachable (403 on tasks list, project GET, sections GET, direct task GET 1218192717760615; project 1217747772236871 absent from workspace project list and typeahead; ASANA_PAT valid — users/me 200 as Cogent 1213404114435645, Ideas board 200). Thirteenth consecutive heartbeat since 06:40Z (~222 min). Discord escalation for 2026-09-05 confirmed still present (msg 1545698843885183116) — deduped, not reposted. Cannot count live, resume stale run 2026-09-04-battlecode-2024 (operator-comment read and nonce guard 5.0.4 need the task), or claim. HUMAN NEEDED: restore Asana project 1217747772236871 access for PAT user Cogent. Exiting per 00-claim retry budget; next heartbeat retries.
2026-09-05T10:38:00Z heartbeat: builder board still unreachable (403 on tasks list, project GET, direct task GET 1218192717760615; ASANA_PAT valid — users/me 200 as Cogent 1213404114435645, Ideas board 200). Fourteenth consecutive heartbeat since 06:40Z (~238 min). Discord escalation for 2026-09-05 confirmed still present (msg 1545698843885183116) — deduped, not reposted. Cannot count live, resume stale run 2026-09-04-battlecode-2024 (operator-comment read and nonce guard 5.0.4 need the task), or claim. HUMAN NEEDED: restore Asana project 1217747772236871 access for PAT user Cogent. Exiting per 00-claim retry budget; next heartbeat retries.
2026-09-05T10:55:00Z heartbeat: builder board still unreachable (403 on tasks list, project GET, direct task GET 1218192717760615; ASANA_PAT valid — users/me 200 as Cogent 1213404114435645, Ideas board 200). Fifteenth consecutive heartbeat since 06:40Z (~255 min). Discord escalation for 2026-09-05 confirmed still present (msg 1545698843885183116) — deduped, not reposted. Cannot count live, resume stale run 2026-09-04-battlecode-2024 (operator-comment read and nonce guard 5.0.4 need the task), or claim. HUMAN NEEDED: restore Asana project 1217747772236871 access for PAT user Cogent. Exiting per 00-claim retry budget; next heartbeat retries.
2026-09-05T11:17:00Z heartbeat: builder board still unreachable (403 on tasks list, project GET, direct task GET 1218192717760615; ASANA_PAT valid — users/me 200 as Cogent 1213404114435645, Ideas board 200). Sixteenth consecutive heartbeat since 06:40Z (~277 min). Discord escalation for 2026-09-05 confirmed still present (msg 1545698843885183116) — deduped, not reposted. Cannot count live, resume stale run 2026-09-04-battlecode-2024 (operator-comment read and nonce guard 5.0.4 need the task), or claim. HUMAN NEEDED: restore Asana project 1217747772236871 access for PAT user Cogent. Exiting per 00-claim retry budget; next heartbeat retries.
2026-09-05T11:41:00Z heartbeat: builder board still unreachable (403 on tasks list, project GET, sections list, section 1217747860567752 tasks, direct task GET 1218192717760615; ASANA_PAT valid — users/me 200 as Cogent 1213404114435645, Ideas board 200). Seventeenth consecutive heartbeat since 06:40Z (~301 min). Discord escalation for 2026-09-05 confirmed still present (msg 1545698843885183116) — deduped, not reposted. Cannot count live, resume stale run 2026-09-04-battlecode-2024 (operator-comment read and nonce guard 5.0.4 need the task), or claim. HUMAN NEEDED: restore Asana project 1217747772236871 access for PAT user Cogent. Exiting per 00-claim retry budget; next heartbeat retries.
2026-09-05T11:53:00Z heartbeat: builder board still unreachable (403 on tasks list, project GET, direct task GET 1218192717760615; ASANA_PAT valid — users/me 200 as Cogent 1213404114435645, Ideas board 200). Eighteenth consecutive heartbeat since 06:40Z (~313 min). Discord escalation for 2026-09-05 confirmed still present (msg 1545698843885183116) — deduped, not reposted. Cannot count live, resume stale run 2026-09-04-battlecode-2024 (operator-comment read and nonce guard 5.0.4 need the task), or claim. HUMAN NEEDED: restore Asana project 1217747772236871 access for PAT user Cogent. Exiting per 00-claim retry budget; next heartbeat retries.
2026-09-05T12:17:00Z heartbeat: builder board still unreachable (403 on tasks list, project GET, direct task GET 1218192717760615; ASANA_PAT valid — users/me 200 as Cogent 1213404114435645, Ideas board 200). Nineteenth consecutive heartbeat since 06:40Z (~337 min). Discord escalation for 2026-09-05 confirmed still present (msg 1545698843885183116) — deduped, not reposted. Cannot count live, resume stale run 2026-09-04-battlecode-2024 (operator-comment read and nonce guard 5.0.4 need the task), or claim. HUMAN NEEDED: restore Asana project 1217747772236871 access for PAT user Cogent. Exiting per 00-claim retry budget; next heartbeat retries.
2026-09-05T12:40:00Z heartbeat: builder board still unreachable (403 on tasks list, project GET, sections list; project 1217747772236871 absent from full paginated workspace project list; ASANA_PAT valid — users/me 200 as Cogent 1213404114435645, Ideas board 200). Twentieth consecutive heartbeat since 06:40Z (~360 min). Discord escalation for 2026-09-05 confirmed still present (msg 1545698843885183116) — deduped, not reposted. Cannot count live, resume stale run 2026-09-04-battlecode-2024 (operator-comment read and nonce guard 5.0.4 need the task), or claim. HUMAN NEEDED: restore Asana project 1217747772236871 access for PAT user Cogent. Exiting per 00-claim retry budget; next heartbeat retries.
2026-09-05T12:55:00Z heartbeat: builder board still unreachable (403 on tasks list, project GET "You do not have access to this project", direct task GET 1218192717760615; ASANA_PAT valid — users/me 200 as Cogent 1213404114435645, Ideas board 200). Twenty-first consecutive heartbeat since 06:40Z (~375 min). Discord escalation for 2026-09-05 confirmed still present (msg 1545698843885183116) — deduped, not reposted. Cannot count live, resume stale run 2026-09-04-battlecode-2024 (operator-comment read and nonce guard 5.0.4 need the task), or claim. HUMAN NEEDED: restore Asana project 1217747772236871 access for PAT user Cogent. Exiting per 00-claim retry budget; next heartbeat retries.
2026-09-05T13:14:02Z heartbeat: builder board still unreachable (403 on project GET, sections list, direct task GET 1218192717760615, tasks list; ASANA_PAT valid — users/me 200 as Cogent 1213404114435645, Ideas board 200). Twenty-second consecutive heartbeat since 06:40Z (~391 min). Discord escalation for 2026-09-05 confirmed still present (msg 1545698843885183116) — deduped, not reposted. Cannot count live, resume stale run 2026-09-04-battlecode-2024 (operator-comment read and nonce guard 5.0.4 need the task), or claim. HUMAN NEEDED: restore Asana project 1217747772236871 access for PAT user Cogent. Exiting per 00-claim retry budget; next heartbeat retries.
2026-09-05T13:40:00Z heartbeat: builder board still unreachable (403 on tasks list, project GET "You do not have access to this project", direct task GET 1218192717760615; ASANA_PAT valid — users/me 200 as Cogent 1213404114435645, Ideas board 200). Twenty-third consecutive heartbeat since 06:40Z (~420 min). Discord escalation for 2026-09-05 confirmed still present (msg 1545698843885183116) — deduped, not reposted. Cannot count live, resume stale run 2026-09-04-battlecode-2024 (operator-comment read and nonce guard 5.0.4 need the task), or claim. HUMAN NEEDED: restore Asana project 1217747772236871 access for PAT user Cogent. Exiting per 00-claim retry budget; next heartbeat retries.
2026-09-05T13:53:00Z heartbeat: builder board still unreachable (403 on tasks list, sections list, direct task GET 1218192717760615, project GET "You do not have access to this project"; ASANA_PAT valid — users/me 200 as Cogent 1213404114435645, Ideas board 200). Twenty-fourth consecutive heartbeat since 06:40Z (~433 min). Discord escalation for 2026-09-05 confirmed still present (msg 1545698843885183116, verified by direct message GET) — deduped, not reposted. Cannot count live, resume stale run 2026-09-04-battlecode-2024 (operator-comment read and nonce guard 5.0.4 need the task), or claim. HUMAN NEEDED: restore Asana project 1217747772236871 access for PAT user Cogent. Exiting per 00-claim retry budget; next heartbeat retries.
2026-09-05T14:13:00Z heartbeat: builder board still unreachable (403 on tasks list, project GET "You do not have access to this project"; ASANA_PAT valid — users/me 200 as Cogent 1213404114435645, Ideas board 200). Twenty-fifth consecutive heartbeat since 06:40Z (~453 min). Discord escalation for 2026-09-05 confirmed still present (msg 1545698843885183116, verified by direct message GET). Cannot count live, resume stale run 2026-09-04-battlecode-2024 (operator-comment read and nonce guard 5.0.4 need the task), or claim. HUMAN NEEDED: restore Asana project 1217747772236871 access for PAT user Cogent. Exiting per 00-claim retry budget; next heartbeat retries.
2026-09-05T14:37:00Z heartbeat: builder board still unreachable (403 on tasks list, project GET "You do not have access to this project", sections list, section 1217747860567752 tasks, direct task GET 1218192717760615; ASANA_PAT valid — users/me 200 as Cogent 1213404114435645, Ideas board 200). Twenty-sixth consecutive heartbeat since 06:40Z (~477 min). Discord escalation for 2026-09-05 confirmed still present (msg 1545698843885183116, verified by direct message GET) — deduped, not reposted. Cannot count live, resume stale run 2026-09-04-battlecode-2024 (operator-comment read and nonce guard 5.0.4 need the task), or claim. HUMAN NEEDED: restore Asana project 1217747772236871 access for PAT user Cogent. Exiting per 00-claim retry budget; next heartbeat retries.
2026-09-05T14:57:00Z heartbeat: builder board still unreachable (403 on tasks list, project GET "You do not have access to this project", section 1217747860567752 tasks; project absent from full paginated workspace project list; ASANA_PAT valid — users/me 200 as Cogent 1213404114435645, Ideas board 200). Twenty-seventh consecutive heartbeat since 06:40Z (~497 min). Discord escalation for 2026-09-05 confirmed still present (msg 1545698843885183116, verified by direct message GET) — deduped, not reposted. Cannot count live, resume stale run 2026-09-04-battlecode-2024 (operator-comment read and nonce guard 5.0.4 need the task), or claim. HUMAN NEEDED: restore Asana project 1217747772236871 access for PAT user Cogent. Exiting per 00-claim retry budget; next heartbeat retries.
2026-09-05T15:14:00Z heartbeat: builder board still unreachable (403 on tasks list, project GET "You do not have access to this project", sections list, section 1217747860567752 tasks, direct task GET 1218192717760615; ASANA_PAT valid — users/me 200 as Cogent 1213404114435645, Ideas board 200). Twenty-eighth consecutive heartbeat since 06:40Z (~514 min). Discord escalation for 2026-09-05 confirmed still present (msg 1545698843885183116, verified by direct message GET) — deduped, not reposted. Cannot count live, resume stale run 2026-09-04-battlecode-2024 (operator-comment read and nonce guard 5.0.4 need the task), or claim. HUMAN NEEDED: restore Asana project 1217747772236871 access for PAT user Cogent. Exiting per 00-claim retry budget; next heartbeat retries.
2026-09-05T15:42:04Z heartbeat: builder board still unreachable (403 on tasks list, project GET "You do not have access to this project", sections list, direct task GET 1218192717760615; ASANA_PAT valid — users/me 200 as Cogent 1213404114435645, Ideas board 200). Twenty-ninth consecutive heartbeat since 06:40Z (~539 min). Discord escalation for 2026-09-05 confirmed still present (msg 1545698843885183116, verified by direct message GET) — deduped, not reposted. Cannot count live, resume stale run 2026-09-04-battlecode-2024 (operator-comment read and nonce guard 5.0.4 need the task), or claim. HUMAN NEEDED: restore Asana project 1217747772236871 access for PAT user Cogent. Exiting per 00-claim retry budget; next heartbeat retries.
2026-09-05T15:59:00Z heartbeat: builder board still unreachable (403 on tasks list, project GET "You do not have access to this project", sections list, direct task GET 1218192717760615; project absent from workspace typeahead for 'Coworld'; ASANA_PAT valid — users/me 200 as Cogent 1213404114435645, Ideas board 200). Thirtieth consecutive heartbeat since 06:40Z (~559 min). Discord escalation for 2026-09-05 confirmed still present (msg 1545698843885183116, verified by direct message GET) — deduped, not reposted. Cannot count live, resume stale run 2026-09-04-battlecode-2024 (operator-comment read and nonce guard 5.0.4 need the task), or claim. HUMAN NEEDED: restore Asana project 1217747772236871 access for PAT user Cogent. Exiting per 00-claim retry budget; next heartbeat retries.
2026-09-05T16:16:49Z heartbeat: builder board still unreachable (403 on tasks list, project GET "You do not have access to this project", sections list, section 1217747860567752 tasks; ASANA_PAT valid — users/me 200 as Cogent 1213404114435645, Ideas board 200). Thirty-first consecutive heartbeat since 06:40Z (~576 min). Discord escalation for 2026-09-05 confirmed still present (msg 1545698843885183116, verified by direct message GET) — deduped, not reposted. Cannot count live, resume stale run 2026-09-04-battlecode-2024 (operator-comment read and nonce guard 5.0.4 need the task), or claim. HUMAN NEEDED: restore Asana project 1217747772236871 access for PAT user Cogent. Exiting per 00-claim retry budget; next heartbeat retries.
2026-09-05T16:33:36Z heartbeat: builder board still unreachable (403 on tasks list, project GET "You do not have access to this project", direct task GET 1218192717760615; ASANA_PAT valid — users/me 200 as Cogent 1213404114435645, Ideas board 200). Thirty-second consecutive heartbeat since 06:40Z (~592 min). Discord escalation for 2026-09-05 confirmed still present (msg 1545698843885183116, verified by direct message GET) — deduped, not reposted. Cannot count live, resume stale run 2026-09-04-battlecode-2024 (operator-comment read and nonce guard 5.0.4 need the task), or claim. HUMAN NEEDED: restore Asana project 1217747772236871 access for PAT user Cogent. Exiting per 00-claim retry budget; next heartbeat retries.
2026-09-05T16:58:00Z heartbeat: builder board still unreachable (403 on project GET "You do not have access to this project", sections list, section 1217747860567752 tasks, tasks list; ASANA_PAT valid — users/me 200 as Cogent 1213404114435645, Ideas board 200). Thirty-third consecutive heartbeat since 06:40Z (~618 min). Discord escalation for 2026-09-05 confirmed still present (msg 1545698843885183116, verified by direct message GET) — deduped, not reposted. Cannot count live, resume stale run 2026-09-04-battlecode-2024 (operator-comment read and nonce guard 5.0.4 need the task), or claim. HUMAN NEEDED: restore Asana project 1217747772236871 access for PAT user Cogent. Exiting per 00-claim retry budget; next heartbeat retries.
2026-09-05T17:15:00Z heartbeat: builder board still unreachable (403 on tasks list, project GET "You do not have access to this project", sections list, direct task GET 1218192717760615; ASANA_PAT valid — users/me 200 as Cogent 1213404114435645, Ideas board 200). Thirty-fourth consecutive heartbeat since 06:40Z (~635 min). Discord escalation for 2026-09-05 confirmed still present (msg 1545698843885183116, verified by direct message GET) — deduped, not reposted. Cannot count live, resume stale run 2026-09-04-battlecode-2024 (operator-comment read and nonce guard 5.0.4 need the task), or claim. HUMAN NEEDED: restore Asana project 1217747772236871 access for PAT user Cogent. Exiting per 00-claim retry budget; next heartbeat retries.
2026-09-05T17:36:00Z heartbeat: builder board still unreachable (403 on tasks list, project GET "You do not have access to this project", sections list, direct task GET 1218192717760615; workspace typeahead for "Coworld Builder" returns empty; ASANA_PAT valid — users/me 200 as Cogent 1213404114435645, Ideas board 200). Thirty-fifth consecutive heartbeat since 06:40Z (~656 min). Discord escalation for 2026-09-05 confirmed still present (msg 1545698843885183116, verified by direct message GET) — deduped, not reposted. Cannot count live, resume stale run 2026-09-04-battlecode-2024 (operator-comment read and nonce guard 5.0.4 need the task), or claim. HUMAN NEEDED: restore Asana project 1217747772236871 access for PAT user Cogent. Exiting per 00-claim retry budget; next heartbeat retries.
2026-09-05T17:58:00Z heartbeat: builder board still unreachable (403 on tasks list, project GET "You do not have access to this project", sections list, direct task GET 1218192717760615; ASANA_PAT valid — users/me 200 as Cogent 1213404114435645, Ideas board 200). Thirty-sixth consecutive heartbeat since 06:40Z (~678 min). Discord escalation for 2026-09-05 confirmed still present (msg 1545698843885183116, verified by direct message GET) — deduped, not reposted. Cannot count live, resume stale run 2026-09-04-battlecode-2024 (operator-comment read and nonce guard 5.0.4 need the task), or claim. HUMAN NEEDED: restore Asana project 1217747772236871 access for PAT user Cogent. Exiting per 00-claim retry budget; next heartbeat retries.
2026-09-05T18:15:17Z heartbeat: builder board still unreachable (403 on tasks list, sections list, direct task GET 1218192717760615, project GET "You do not have access to this project"; ASANA_PAT valid — users/me 200 as Cogent 1213404114435645, Ideas board 200). Thirty-seventh consecutive heartbeat since 06:40Z (~696 min). Discord escalation for 2026-09-05 confirmed still present (msg 1545698843885183116, verified by direct message GET) — deduped, not reposted. Cannot count live, resume stale run 2026-09-04-battlecode-2024 (operator-comment read and nonce guard 5.0.4 need the task), or claim. HUMAN NEEDED: restore Asana project 1217747772236871 access for PAT user Cogent. Exiting per 00-claim retry budget; next heartbeat retries.
2026-09-05T18:37:49Z heartbeat: builder board still unreachable (403 on tasks list, project GET "You do not have access to this project", direct task GET 1218192717760615; ASANA_PAT valid — users/me 200 as Cogent 1213404114435645, Ideas board 200). Thirty-eighth consecutive heartbeat since 06:40Z (~718 min). Discord escalation for 2026-09-05 confirmed still present (msg 1545698843885183116, verified by direct message GET) — deduped, not reposted. Cannot count live, resume stale run 2026-09-04-battlecode-2024 (operator-comment read and nonce guard 5.0.4 need the task), or claim. HUMAN NEEDED: restore Asana project 1217747772236871 access for PAT user Cogent. Exiting per 00-claim retry budget; next heartbeat retries.
2026-09-05T18:57:00Z heartbeat: builder board still unreachable (403 on tasks list, project GET "You do not have access to this project", sections list, direct task GET 1218192717760615; ASANA_PAT valid — users/me 200 as Cogent 1213404114435645, Ideas board 200). Thirty-ninth consecutive heartbeat since 06:40Z (~737 min). Discord escalation for 2026-09-05 confirmed still present (msg 1545698843885183116, verified by direct message GET) — deduped, not reposted. Cannot count live, resume stale run 2026-09-04-battlecode-2024 (operator-comment read and nonce guard 5.0.4 need the task), or claim. HUMAN NEEDED: restore Asana project 1217747772236871 access for PAT user Cogent. Exiting per 00-claim retry budget; next heartbeat retries.
2026-09-05T19:12:00Z heartbeat: builder board still unreachable (403 on tasks list, project GET "You do not have access to this project", sections list, direct task GET 1218192717760615; ASANA_PAT valid — users/me 200 as Cogent 1213404114435645, Ideas board 200). Fortieth consecutive heartbeat since 06:40Z (~752 min). Discord escalation for 2026-09-05 confirmed still present (msg 1545698843885183116, verified by direct message GET) — deduped, not reposted. Cannot count live, resume stale run 2026-09-04-battlecode-2024 (operator-comment read and nonce guard 5.0.4 need the task), or claim. HUMAN NEEDED: restore Asana project 1217747772236871 access for PAT user Cogent. Exiting per 00-claim retry budget; next heartbeat retries.
2026-09-05T19:41:00Z heartbeat: builder board still unreachable (403 on tasks list, project GET "You do not have access to this project", sections list, section 1217747860567752 tasks, Fleet section 1217747860605582 tasks, direct task GET 1218192717760615; ASANA_PAT valid — users/me 200 as Cogent 1213404114435645, Ideas board 200). Forty-first consecutive heartbeat since 06:40Z (~781 min). Discord escalation for 2026-09-05 confirmed still present (msg 1545698843885183116, verified by direct message GET) — deduped, not reposted. Cannot count live, resume stale run 2026-09-04-battlecode-2024 (operator-comment read and nonce guard 5.0.4 need the task), or claim. HUMAN NEEDED: restore Asana project 1217747772236871 access for PAT user Cogent. Exiting per 00-claim retry budget; next heartbeat retries.
2026-09-05T19:58:32Z heartbeat: builder board still unreachable (403 on tasks list, project GET "You do not have access to this project", sections list; workspace typeahead for "Coworld" omits Coworld Builder; ASANA_PAT valid — users/me 200 as Cogent 1213404114435645, Ideas board 200). Forty-second consecutive heartbeat since 06:40Z (~795 min). Discord escalation for 2026-09-05 confirmed still present (msg 1545698843885183116, verified by direct message GET) — deduped, not reposted. Cannot count live, resume stale run 2026-09-04-battlecode-2024 (operator-comment read and nonce guard 5.0.4 need the task), or claim. HUMAN NEEDED: restore Asana project 1217747772236871 access for PAT user Cogent. Exiting per 00-claim retry budget; next heartbeat retries.
2026-09-05T20:15:44Z heartbeat: builder board still unreachable (403 on tasks list, project GET "You do not have access to this project", sections list, direct task GET 1218192717760615; ASANA_PAT valid — users/me 200 as Cogent 1213404114435645, Ideas board 200). Forty-third consecutive heartbeat since 06:40Z (~820 min). Discord escalation for 2026-09-05 confirmed still present (msg 1545698843885183116, verified by direct message GET) — deduped, not reposted. Cannot count live, resume stale run 2026-09-04-battlecode-2024 (operator-comment read and nonce guard 5.0.4 need the task), or claim. HUMAN NEEDED: restore Asana project 1217747772236871 access for PAT user Cogent. Exiting per 00-claim retry budget; next heartbeat retries.
2026-09-05T20:34:52Z heartbeat: builder board still unreachable (403 on tasks list, project GET "You do not have access to this project", sections list, section 1217747860567752 tasks, direct task GET 1218192717760615; project absent from paginated workspace project list; ASANA_PAT valid — users/me 200 as Cogent 1213404114435645, Ideas board 200). Forty-fourth consecutive heartbeat since 06:40Z (~835 min). Discord escalation for 2026-09-05 confirmed still present (msg 1545698843885183116, verified by direct message GET) — deduped, not reposted. Cannot count live, resume stale run 2026-09-04-battlecode-2024 (operator-comment read and nonce guard 5.0.4 need the task), or claim. HUMAN NEEDED: restore Asana project 1217747772236871 access for PAT user Cogent. Exiting per 00-claim retry budget; next heartbeat retries.
2026-09-05T20:55:00Z heartbeat: builder board still unreachable (403 on tasks list, project GET "You do not have access to this project", direct task GET 1218192717760615; ASANA_PAT valid — users/me 200 as Cogent 1213404114435645, Ideas board 200). Forty-fifth consecutive heartbeat since 06:40Z (~855 min). Discord escalation for 2026-09-05 confirmed still present (msg 1545698843885183116, verified by direct message GET) — deduped, not reposted. Cannot count live, resume stale run 2026-09-04-battlecode-2024 (operator-comment read and nonce guard 5.0.4 need the task), or claim. HUMAN NEEDED: restore Asana project 1217747772236871 access for PAT user Cogent. Exiting per 00-claim retry budget; next heartbeat retries.
2026-09-05T21:16:00Z heartbeat: builder board still unreachable (403 on tasks list, project GET "You do not have access to this project", sections list, direct task GET 1218192717760615; ASANA_PAT valid — users/me 200, Ideas board 200). Forty-sixth consecutive heartbeat since 06:40Z (~876 min). Discord escalation for 2026-09-05 confirmed still present (msg 1545698843885183116, verified by direct message GET) — deduped, not reposted. Cannot count live, resume stale run 2026-09-04-battlecode-2024 (operator-comment read and nonce guard 5.0.4 need the task), or claim. HUMAN NEEDED: restore Asana project 1217747772236871 access for PAT user Cogent (1213404114435645). Exiting per 00-claim retry budget; next heartbeat retries.
2026-09-05T21:40:00Z heartbeat: builder board still unreachable (403 on tasks list, project GET "You do not have access to this project", sections list, section 1217747860567752 tasks, direct task GET 1218192717760615; ASANA_PAT valid — users/me 200 as Cogent 1213404114435645, Ideas board 200). Forty-seventh consecutive heartbeat since 06:40Z (~900 min). Discord escalation for 2026-09-05 confirmed still present (msg 1545698843885183116, verified by direct message GET) — deduped, not reposted. Cannot count live, resume stale run 2026-09-04-battlecode-2024 (operator-comment read and nonce guard 5.0.4 need the task), or claim. HUMAN NEEDED: restore Asana project 1217747772236871 access for PAT user Cogent (1213404114435645). Exiting per 00-claim retry budget; next heartbeat retries.
2026-09-05T21:57:46Z heartbeat: builder board still unreachable (403 on tasks list, project GET "You do not have access to this project", sections list, direct task GET 1218192717760615; ASANA_PAT valid — users/me 200 as Cogent 1213404114435645, Ideas board 200). Forty-eighth consecutive heartbeat since 06:40Z (~915 min). Discord escalation for 2026-09-05 confirmed still present (msg 1545698843885183116, verified by direct message GET) — deduped, not reposted. Cannot count live, resume stale run 2026-09-04-battlecode-2024 (operator-comment read and nonce guard 5.0.4 need the task), or claim. HUMAN NEEDED: restore Asana project 1217747772236871 access for PAT user Cogent (1213404114435645). Exiting per 00-claim retry budget; next heartbeat retries.
2026-09-05T22:17:22Z heartbeat: builder board still unreachable (403 on tasks list, project GET "You do not have access to this project", sections list, section 1217747860567752 tasks, direct task GET 1218192717760615; ASANA_PAT valid — users/me 200 as Cogent 1213404114435645, Ideas board 200). Forty-ninth consecutive heartbeat since 06:40Z (~934 min). Discord escalation for 2026-09-05 confirmed still present (msg 1545698843885183116, verified by direct message GET) — deduped, not reposted. Cannot count live, resume stale run 2026-09-04-battlecode-2024 (operator-comment read and nonce guard 5.0.4 need the task), or claim. HUMAN NEEDED: restore Asana project 1217747772236871 access for PAT user Cogent (1213404114435645). Exiting per 00-claim retry budget; next heartbeat retries.
2026-09-05T22:36:00Z heartbeat: builder board still unreachable (403 on tasks list, project GET "You do not have access to this project", section 1217747860567752 tasks, direct task GET 1218192717760615; ASANA_PAT valid — users/me 200 as Cogent 1213404114435645, Ideas board 200). Fiftieth consecutive heartbeat since 06:40Z (~956 min). Discord escalation for 2026-09-05 confirmed still present (msg 1545698843885183116, verified by direct message GET) — deduped, not reposted. Cannot count live, resume stale run 2026-09-04-battlecode-2024 (operator-comment read and nonce guard 5.0.4 need the task), or claim. HUMAN NEEDED: restore Asana project 1217747772236871 access for PAT user Cogent (1213404114435645). Exiting per 00-claim retry budget; next heartbeat retries.
2026-09-05T23:02:18Z heartbeat: builder board still unreachable (403 on tasks list, project GET "You do not have access to this project", sections list, direct task GET 1218192717760615; ASANA_PAT valid — users/me 200 as Cogent 1213404114435645, Ideas board 200). Fifty-first consecutive heartbeat since 06:40Z (~978 min). Discord escalation for 2026-09-05 confirmed still present (msg 1545698843885183116, verified by direct message GET) — deduped, not reposted. Cannot count live, resume stale run 2026-09-04-battlecode-2024 (operator-comment read and nonce guard 5.0.4 need the task), or claim. HUMAN NEEDED: restore Asana project 1217747772236871 access for PAT user Cogent (1213404114435645). Exiting per 00-claim retry budget; next heartbeat retries.
2026-09-05T23:13:00Z heartbeat: builder board still unreachable (403 on tasks list, sections list, direct task GET 1218192717760615, project GET "You do not have access to this project"; ASANA_PAT valid — users/me 200 as Cogent 1213404114435645, Ideas board 200). Fifty-second consecutive heartbeat since 06:40Z (~993 min). Discord escalation for 2026-09-05 confirmed still present (msg 1545698843885183116, verified by direct message GET) — deduped, not reposted. Also repaired local git mount: detached HEAD and a stale local main (50 commits, content verified fully contained in origin) realigned to origin/main. Cannot count live, resume stale run 2026-09-04-battlecode-2024 (operator-comment read and nonce guard 5.0.4 need the task), or claim. HUMAN NEEDED: restore Asana project 1217747772236871 access for PAT user Cogent (1213404114435645). Exiting per 00-claim retry budget; next heartbeat retries.
2026-09-05T23:35:25Z heartbeat: builder board still unreachable (403 on tasks list, project GET "You do not have access to this project", direct task GET 1218192717760615; ASANA_PAT valid — users/me 200 as Cogent 1213404114435645, Ideas board 200). Fifty-third consecutive heartbeat since 06:40Z (~1012 min). Discord escalation for 2026-09-05 confirmed still present (msg 1545698843885183116, verified by direct message GET) — deduped, not reposted. Also repaired local git mount: detached HEAD realigned to main tracking origin/main. Cannot count live, resume stale run 2026-09-04-battlecode-2024 (operator-comment read and nonce guard 5.0.4 need the task), or claim. HUMAN NEEDED: restore Asana project 1217747772236871 access for PAT user Cogent (1213404114435645). Exiting per 00-claim retry budget; next heartbeat retries.
2026-09-05T23:57:13Z heartbeat: builder board still unreachable (403 on tasks list, project GET "You do not have access to this project", sections list, section 1217747860567752 tasks, direct task GET 1218192717760615; project absent from paginated workspace project list; ASANA_PAT valid — users/me 200 as Cogent 1213404114435645, Ideas board 200). Fifty-fourth consecutive heartbeat since 06:40Z (~1034 min). Discord escalation for 2026-09-05 confirmed still present (msg 1545698843885183116, verified by direct message GET) — deduped, not reposted. Also repaired local git mount: detached HEAD realigned to main tracking origin/main. Cannot count live, resume stale run 2026-09-04-battlecode-2024 (operator-comment read and nonce guard 5.0.4 need the task), or claim. HUMAN NEEDED: restore Asana project 1217747772236871 access for PAT user Cogent (1213404114435645). Exiting per 00-claim retry budget; next heartbeat retries.
2026-09-06T00:22:08Z heartbeat: builder board still unreachable (403 on tasks list, project GET "You do not have access to this project", direct task GET; ASANA_PAT valid — users/me 200 as Cogent 1213404114435645, Ideas board 200). Fifty-fifth consecutive heartbeat since 2026-09-05T06:40Z (~1059 min), now spanning a second UTC day. New daily Discord escalation posted for 2026-09-06 to #coworlds: msg 1545952157558251560, title 'QUEUE STALLED 2026-09-06: Coworld Builder board unreachable (Asana 403) — day 2' (deduped against the channel's last 50 messages first — only the 09-05 escalation was present). Cannot count live, resume stale run 2026-09-04-battlecode-2024 (operator-comment read and nonce guard 5.0.4 need the task), or claim. HUMAN NEEDED: restore Asana project 1217747772236871 access for PAT user Cogent (1213404114435645). Exiting per 00-claim retry budget; next heartbeat retries.
2026-09-06T00:40:00Z heartbeat: builder board still unreachable (403 on tasks list, project GET "You do not have access to this project", sections list, section 1217747860567752 tasks; ASANA_PAT valid — users/me 200 as Cogent 1213404114435645, Ideas board 200). Fifty-sixth consecutive heartbeat since 2026-09-05T06:40Z (~1080 min). Discord escalation for 2026-09-06 confirmed still present (msg 1545952157558251560, verified by direct message GET) — deduped, not reposted. Cannot count live, resume stale run 2026-09-04-battlecode-2024 (operator-comment read and nonce guard 5.0.4 need the task), or claim. HUMAN NEEDED: restore Asana project 1217747772236871 access for PAT user Cogent (1213404114435645). Exiting per 00-claim retry budget; next heartbeat retries.
2026-09-06T00:58:30Z heartbeat: builder board still unreachable (403 on tasks list, project GET "You do not have access to this project", sections list, section 1217747860567752 tasks; ASANA_PAT valid — users/me 200 as Cogent 1213404114435645, Ideas board 200). Fifty-seventh consecutive heartbeat since 2026-09-05T06:40Z (~1098 min). Discord escalation for 2026-09-06 confirmed still present (msg 1545952157558251560, verified by direct message GET) — deduped, not reposted. Cannot count live, resume stale run 2026-09-04-battlecode-2024 (operator-comment read and nonce guard 5.0.4 need the task), or claim. HUMAN NEEDED: restore Asana project 1217747772236871 access for PAT user Cogent (1213404114435645). Exiting per 00-claim retry budget; next heartbeat retries.
2026-09-06T01:20:06Z heartbeat: builder board still unreachable (403 on tasks list, project GET "You do not have access to this project", section 1217747860567752 tasks; project absent from paginated workspace project list; ASANA_PAT valid — users/me 200 as Cogent 1213404114435645, Ideas board 200). Fifty-eighth consecutive heartbeat since 2026-09-05T06:40Z (~1114 min). Discord escalation for 2026-09-06 confirmed still present (msg 1545952157558251560, verified by direct message GET) — deduped, not reposted. Cannot count live, resume stale run 2026-09-04-battlecode-2024 (operator-comment read and nonce guard 5.0.4 need the task), or claim. HUMAN NEEDED: restore Asana project 1217747772236871 access for PAT user Cogent (1213404114435645). Exiting per 00-claim retry budget; next heartbeat retries.
2026-09-06T01:38:00Z heartbeat: builder board still unreachable (403 on tasks list, project GET "You do not have access to this project", section 1217747860567752 tasks; ASANA_PAT valid — users/me 200 as Cogent 1213404114435645, Ideas board 200). Fifty-ninth consecutive heartbeat since 2026-09-05T06:40Z (~1138 min). Discord escalation for 2026-09-06 confirmed still present (msg 1545952157558251560, verified by direct message GET) — deduped, not reposted. Also repaired local git mount: detached HEAD and diverged local main (50/50, duplicates of origin content) realigned to origin/main via rebase; main now tracks origin/main. Cannot count live, resume stale run 2026-09-04-battlecode-2024 (operator-comment read and nonce guard 5.0.4 need the task), or claim. HUMAN NEEDED: restore Asana project 1217747772236871 access for PAT user Cogent (1213404114435645). Exiting per 00-claim retry budget; next heartbeat retries.
2026-09-06T01:54:00Z heartbeat: builder board still unreachable (403 on tasks list x2, project GET "You do not have access to this project", workspace typeahead for "Coworld" omits Coworld Builder; ASANA_PAT valid — users/me 200 as Cogent 1213404114435645, Ideas board visible via typeahead). Sixtieth consecutive heartbeat since 2026-09-05T06:40Z (~1154 min). Discord escalation for 2026-09-06 confirmed still present (msg 1545952157558251560, verified by direct message GET) — deduped, not reposted. Also repaired local git mount: detached HEAD realigned to main tracking origin/main. Cannot count live, resume stale run 2026-09-04-battlecode-2024 (operator-comment read and nonce guard 5.0.4 need the task), or claim. HUMAN NEEDED: restore Asana project 1217747772236871 access for PAT user Cogent (1213404114435645). Exiting per 00-claim retry budget; next heartbeat retries.
2026-09-06T02:18:52Z heartbeat: builder board still unreachable (403 on tasks list, project GET "You do not have access to this project", sections list, section 1217747860567752 tasks "You do not have access to this section"; ASANA_PAT valid — users/me 200 as Cogent 1213404114435645, Ideas board 200). Sixty-first consecutive heartbeat since 2026-09-05T06:40Z (~1179 min). Discord escalation for 2026-09-06 confirmed still present (msg 1545952157558251560, verified by direct message GET) — deduped, not reposted. Also repaired local git mount: detached HEAD and diverged duplicate local main (50/50, tree subset of origin verified by diff) realigned to origin/main; main now tracks origin/main. Cannot count live, resume stale run 2026-09-04-battlecode-2024 (operator-comment read and nonce guard 5.0.4 need the task), or claim. HUMAN NEEDED: restore Asana project 1217747772236871 access for PAT user Cogent (1213404114435645). Exiting per 00-claim retry budget; next heartbeat retries.
2026-09-06T02:35:00Z heartbeat: builder board still unreachable (403 on tasks list, project GET "You do not have access to this project"; ASANA_PAT valid — users/me 200 as Cogent 1213404114435645, Ideas board 200). Sixty-second consecutive heartbeat since 2026-09-05T06:40Z (~1195 min). Discord escalation for 2026-09-06 confirmed still present (msg 1545952157558251560, verified by direct message GET) — deduped, not reposted. Also repaired local git mount: detached HEAD and diverged duplicate local main (50/50) realigned to origin/main via rebase; main tracks origin/main. Cannot count live, resume stale run 2026-09-04-battlecode-2024 (operator-comment read and nonce guard 5.0.4 need the task), or claim. HUMAN NEEDED: restore Asana project 1217747772236871 access for PAT user Cogent (1213404114435645). Exiting per 00-claim retry budget; next heartbeat retries.
2026-09-06T02:58:47Z heartbeat: builder board still unreachable (403 on tasks list, project GET "You do not have access to this project", sections list, section 1217747860567752 tasks "You do not have access to this section"; ASANA_PAT valid — users/me 200 as Cogent 1213404114435645, Ideas board 200). Sixty-third consecutive heartbeat since 2026-09-05T06:40Z (~1216 min). Discord escalation for 2026-09-06 confirmed still present (msg 1545952157558251560, verified by direct message GET) — deduped, not reposted. Also repaired local git mount: detached HEAD realigned to main tracking origin/main. Cannot count live, resume stale run 2026-09-04-battlecode-2024 (operator-comment read and nonce guard 5.0.4 need the task), or claim. HUMAN NEEDED: restore Asana project 1217747772236871 access for PAT user Cogent (1213404114435645). Exiting per 00-claim retry budget; next heartbeat retries.
2026-09-06T03:17:29Z heartbeat: builder board still unreachable (403 on tasks list, project GET "You do not have access to this project", sections list, section 1217747860567752 tasks; ASANA_PAT valid — users/me 200 as Cogent 1213404114435645, Ideas board 200). Sixty-fourth consecutive heartbeat since 2026-09-05T06:40Z (~1234 min). Discord escalation for 2026-09-06 confirmed still present (msg 1545952157558251560, verified by direct message GET) — deduped, not reposted. Also repaired local git mount: detached HEAD with shallow-clone split histories; deepened fetch, fast-forwarded main to origin/main, tracking restored. gh 2.63.2 installed via preflight. Cannot count live, resume stale run 2026-09-04-battlecode-2024 (operator-comment read and nonce guard 5.0.4 need the task), or claim. HUMAN NEEDED: restore Asana project 1217747772236871 access for PAT user Cogent (1213404114435645). Exiting per 00-claim retry budget; next heartbeat retries.
2026-09-06T03:42:00Z heartbeat: builder board still unreachable (403 on tasks list, project GET "You do not have access to this project", sections list; ASANA_PAT valid — users/me 200 as Cogent 1213404114435645, Ideas board 200). Sixty-fifth consecutive heartbeat since 2026-09-05T06:40Z (~1262 min). Discord escalation for 2026-09-06 confirmed still present (msg 1545952157558251560, verified by direct message GET) — deduped, not reposted. Also repaired local git mount: shallow clone with split histories; fetched --unshallow, fast-forwarded main to origin/main, tracking restored. gh 2.63.2 installed via preflight. Cannot count live, resume stale run 2026-09-04-battlecode-2024 (operator-comment read and nonce guard 5.0.4 need the task), or claim. HUMAN NEEDED: restore Asana project 1217747772236871 access for PAT user Cogent (1213404114435645). Exiting per 00-claim retry budget; next heartbeat retries.
2026-09-06T04:01:05Z heartbeat: builder board still unreachable (403 on tasks list, project GET "You do not have access to this project", sections list, direct task GET 1218192717760615 "You do not have access to this task"; ASANA_PAT valid — users/me 200 as Cogent 1213404114435645, Ideas board 200). Sixty-sixth consecutive heartbeat since 2026-09-05T06:40Z (~1278 min). Discord escalation for 2026-09-06 confirmed still present (msg 1545952157558251560, verified by direct message GET) — deduped, not reposted. gh 2.63.2 installed via preflight; local main tracking origin/main, in sync. Cannot count live, resume stale run 2026-09-04-battlecode-2024 (operator-comment read and nonce guard 5.0.4 need the task), or claim. HUMAN NEEDED: restore Asana project 1217747772236871 access for PAT user Cogent (1213404114435645). Exiting per 00-claim retry budget; next heartbeat retries.
2026-09-06T04:18:30Z heartbeat: builder board still unreachable (403 on tasks list, project GET "You do not have access to this project", sections list, section 1217747860567752 tasks, direct task GET 1218192717760615 "You do not have access to this task"; ASANA_PAT valid — users/me 200 as Cogent 1213404114435645, Ideas board 200). Sixty-seventh consecutive heartbeat since 2026-09-05T06:40Z (~1298 min). Discord escalation for 2026-09-06 confirmed still present (msg 1545952157558251560, verified by direct message GET) — deduped, not reposted. gh 2.63.2 and jq present via preflight; local main tracking origin/main, in sync. Cannot count live, resume stale run 2026-09-04-battlecode-2024 (operator-comment read and nonce guard 5.0.4 need the task), or claim. HUMAN NEEDED: restore Asana project 1217747772236871 access for PAT user Cogent (1213404114435645). Exiting per 00-claim retry budget; next heartbeat retries.
2026-09-06T04:37:44Z heartbeat: builder board still unreachable (403 on tasks list, project GET "You do not have access to this project", sections list, direct task GET 1218192717760615 "You do not have access to this task"; ASANA_PAT valid — users/me 200 as Cogent 1213404114435645, Ideas board 200). Sixty-eighth consecutive heartbeat since 2026-09-05T06:40Z (~1314 min). Discord escalation for 2026-09-06 confirmed still present (msg 1545952157558251560, verified by direct message GET) — deduped, not reposted. gh 2.63.2 and jq present via preflight; repaired local git mount: detached HEAD on shallow clone, deepened fetch, fast-forwarded main to origin/main, tracking restored. Cannot count live, resume stale run 2026-09-04-battlecode-2024 (operator-comment read and nonce guard 5.0.4 need the task), or claim. HUMAN NEEDED: restore Asana project 1217747772236871 access for PAT user Cogent (1213404114435645). Exiting per 00-claim retry budget; next heartbeat retries.
2026-09-06T04:57:00Z heartbeat: builder board still unreachable (403 on tasks list, project GET "You do not have access to this project", sections list, direct task GET 1218192717760615 "You do not have access to this task"; ASANA_PAT valid — users/me 200 as Cogent 1213404114435645, Ideas board 200). Sixty-ninth consecutive heartbeat since 2026-09-05T06:40Z (~1337 min). Discord escalation for 2026-09-06 confirmed still present (msg 1545952157558251560, verified by direct message GET) — deduped, not reposted. gh 2.63.2 and jq present via preflight; repaired local git mount: detached HEAD with diverged duplicate local main (content diff vs origin: heartbeats.log only, origin ahead), realigned main to origin/main, tracking restored. Cannot count live, resume stale run 2026-09-04-battlecode-2024 (operator-comment read and nonce guard 5.0.4 need the task), or claim. HUMAN NEEDED: restore Asana project 1217747772236871 access for PAT user Cogent (1213404114435645). Exiting per 00-claim retry budget; next heartbeat retries.
2026-09-06T05:22:00Z heartbeat: builder board still unreachable (403 on tasks list, project GET "You do not have access to this project", section 1217747860567752 tasks, direct task GET 1218192717760615; ASANA_PAT valid — users/me 200 as Cogent 1213404114435645, Ideas board 200). Seventieth consecutive heartbeat since 2026-09-05T06:40Z (~1362 min). Discord escalation for 2026-09-06 confirmed still present (msg 1545952157558251560, verified by direct message GET) — deduped, not reposted. gh 2.63.2 and jq present via preflight; repaired local git mount: detached HEAD on shallow clone with split histories, deepened fetch, fast-forwarded main to origin/main, tracking restored. Cannot count live, resume stale run 2026-09-04-battlecode-2024 (operator-comment read and nonce guard 5.0.4 need the task), or claim. HUMAN NEEDED: restore Asana project 1217747772236871 access for PAT user Cogent (1213404114435645). Exiting per 00-claim retry budget; next heartbeat retries.
2026-09-06T05:39:18Z heartbeat: builder board still unreachable (403 on tasks list, project GET "You do not have access to this project", section 1217747860567752 tasks "You do not have access to this section", direct task GET 1218192717760615 "You do not have access to this task"; ASANA_PAT valid — users/me 200 as Cogent 1213404114435645, Ideas board 200). Seventy-first consecutive heartbeat since 2026-09-05T06:40Z (~1379 min). Discord escalation for 2026-09-06 confirmed still present (msg 1545952157558251560, verified by direct message GET) — deduped, not reposted. gh 2.63.2 and jq present via preflight; repaired local git mount: detached HEAD with shallow-split local main (content verified subset of origin, heartbeats.log only), realigned main to origin/main, tracking restored. Cannot count live, resume stale run 2026-09-04-battlecode-2024 (operator-comment read and nonce guard 5.0.4 need the task), or claim. HUMAN NEEDED: restore Asana project 1217747772236871 access for PAT user Cogent (1213404114435645). Exiting per 00-claim retry budget; next heartbeat retries.
2026-09-06T06:00:49Z heartbeat: builder board still unreachable (403 on tasks list, project GET "You do not have access to this project", sections list, section 1217747860567752 tasks "You do not have access to this section", direct task GET 1218192717760615 "You do not have access to this task"; ASANA_PAT valid — users/me 200 as Cogent 1213404114435645, Ideas board 200). Seventy-second consecutive heartbeat since 2026-09-05T06:40Z (~1400 min). Discord escalation for 2026-09-06 confirmed still present (msg 1545952157558251560, verified by direct message GET) — deduped, not reposted. gh 2.63.2 and jq present via preflight; repaired local git mount: detached HEAD, realigned main to origin/main, tracking restored. Cannot count live, resume stale run 2026-09-04-battlecode-2024 (operator-comment read and nonce guard 5.0.4 need the task), or claim. HUMAN NEEDED: restore Asana project 1217747772236871 access for PAT user Cogent (1213404114435645). Exiting per 00-claim retry budget; next heartbeat retries.
2026-09-06T06:22:52Z heartbeat: builder board still unreachable (403 on tasks list, project GET "You do not have access to this project", sections list, section 1217747860567752 tasks "You do not have access to this section"; project absent from workspace project list and Coworld typeahead; ASANA_PAT valid — users/me 200 as Cogent 1213404114435645, Ideas board 200). Seventy-third consecutive heartbeat since 2026-09-05T06:40Z (~1419 min). Discord escalation for 2026-09-06 confirmed still present (msg 1545952157558251560, verified by direct message GET) — deduped, not reposted. gh 2.63.2 and jq present via preflight; repaired local git mount: detached HEAD, realigned main to origin/main, tracking restored. Cannot count live, resume stale run 2026-09-04-battlecode-2024 (operator-comment read and nonce guard 5.0.4 need the task), or claim. HUMAN NEEDED: restore Asana project 1217747772236871 access for PAT user Cogent (1213404114435645). Exiting per 00-claim retry budget; next heartbeat retries.
2026-09-06T06:41:37Z heartbeat: builder board still unreachable (403 on tasks list x2, project GET "You do not have access to this project"; project absent from paginated workspace project list; ASANA_PAT valid — users/me 200 as Cogent 1213404114435645, Ideas board 200). Seventy-fourth consecutive heartbeat since 2026-09-05T06:40Z (~1444 min). Discord escalation for 2026-09-06 confirmed still present (msg 1545952157558251560, verified by direct message GET) — deduped, not reposted. gh 2.63.2 and jq present via preflight; repaired local git mount: detached HEAD, realigned main to origin/main, tracking restored. Cannot count live, resume stale run 2026-09-04-battlecode-2024 (operator-comment read and nonce guard 5.0.4 need the task), or claim. HUMAN NEEDED: restore Asana project 1217747772236871 access for PAT user Cogent (1213404114435645). Exiting per 00-claim retry budget; next heartbeat retries.
2026-09-06T06:59:58Z heartbeat: builder board still unreachable (403 on tasks list, project GET "You do not have access to this project", section 1217747860567752 tasks "You do not have access to this section", direct task GET 1218192717760615 "You do not have access to this task"; ASANA_PAT valid — users/me 200 as Cogent 1213404114435645, Ideas board 200). Seventy-fifth consecutive heartbeat since 2026-09-05T06:40Z (~1460 min). Discord escalation for 2026-09-06 confirmed still present (msg 1545952157558251560, verified by direct message GET) — deduped, not reposted. gh 2.63.2 and jq present via preflight; repaired local git mount: detached HEAD with diverged duplicate local main (content subset of origin, heartbeats.log only), realigned main to origin/main, tracking restored. Cannot count live, resume stale run 2026-09-04-battlecode-2024 (operator-comment read and nonce guard 5.0.4 need the task), or claim. HUMAN NEEDED: restore Asana project 1217747772236871 access for PAT user Cogent (1213404114435645). Exiting per 00-claim retry budget; next heartbeat retries.
2026-09-06T07:16:55Z heartbeat: builder board still unreachable (403 on tasks list, project GET "You do not have access to this project", section 1217747860567752 tasks "You do not have access to this section", direct task GET 1218192717760615 "You do not have access to this task"; ASANA_PAT valid — users/me 200 as Cogent 1213404114435645, Ideas board 200). Seventy-sixth consecutive heartbeat since 2026-09-05T06:40Z (~1475 min). Discord escalation for 2026-09-06 confirmed still present (msg 1545952157558251560, verified by direct message GET) — deduped, not reposted. gh 2.63.2 and jq present via preflight; repaired local git mount: detached HEAD, realigned main to origin/main, tracking restored. Cannot count live, resume stale run 2026-09-04-battlecode-2024 (operator-comment read and nonce guard 5.0.4 need the task), or claim. HUMAN NEEDED: restore Asana project 1217747772236871 access for PAT user Cogent (1213404114435645). Exiting per 00-claim retry budget; next heartbeat retries.
2026-09-06T07:40:48Z heartbeat: builder board still unreachable (403 on tasks list, project GET "You do not have access to this project", section 1217747860567752 tasks "You do not have access to this section", direct task GET 1218192717760615 "You do not have access to this task"; ASANA_PAT valid — users/me 200 as Cogent 1213404114435645, Ideas board 200). Seventy-seventh consecutive heartbeat since 2026-09-05T06:40Z (~1500 min). Discord escalation for 2026-09-06 confirmed still present (msg 1545952157558251560, verified by direct message GET) — deduped, not reposted. gh 2.63.2 and jq present via preflight; repaired local git mount: detached HEAD, realigned main to origin/main, tracking restored. Cannot count live, resume stale run 2026-09-04-battlecode-2024 (operator-comment read and nonce guard 5.0.4 need the task), or claim. HUMAN NEEDED: restore Asana project 1217747772236871 access for PAT user Cogent (1213404114435645). Exiting per 00-claim retry budget; next heartbeat retries.
2026-09-06T08:02:30Z heartbeat: builder board still unreachable (403 on tasks list, project GET "You do not have access to this project", section 1217747860567752 tasks "You do not have access to this section"; ASANA_PAT valid — users/me 200 as Cogent 1213404114435645, Ideas board 200). Seventy-eighth consecutive heartbeat since 2026-09-05T06:40Z (~1522 min). Discord escalation for 2026-09-06 confirmed still present (msg 1545952157558251560, verified by direct message GET) — deduped, not reposted. gh 2.63.2 and jq present via preflight; repaired local git mount: detached HEAD, realigned main to origin/main, tracking restored. Cannot count live, resume stale run 2026-09-04-battlecode-2024 (operator-comment read and nonce guard 5.0.4 need the task), or claim. HUMAN NEEDED: restore Asana project 1217747772236871 access for PAT user Cogent (1213404114435645). Exiting per 00-claim retry budget; next heartbeat retries.
2026-09-06T08:14:00Z heartbeat: builder board 1217747772236871 unreachable (403 "You do not have access to this project" on tasks/project/sections GETs; PAT valid, Ideas board readable, project absent from typeahead) — no run adopted, exiting per 00-claim retry budget
2026-09-06T08:36:00Z heartbeat: builder board still unreachable (403 on tasks list, project GET "You do not have access to this project", sections list, section 1217747860567752 tasks "You do not have access to this section", direct task GET 1218192717760615 "You do not have access to this task"; ASANA_PAT valid — users/me 200 as Cogent 1213404114435645, Ideas board 200). Seventy-ninth consecutive heartbeat since 2026-09-05T06:40Z (~1556 min). Discord escalation for 2026-09-06 confirmed still present (msg 1545952157558251560, verified by direct message GET) — deduped, not reposted. gh 2.63.2 and jq present via preflight; repaired local git mount: detached HEAD, realigned main to origin/main, tracking restored. Cannot count live, resume stale run 2026-09-04-battlecode-2024 (operator-comment read and nonce guard 5.0.4 need the task), or claim. HUMAN NEEDED: restore Asana project 1217747772236871 access for PAT user Cogent (1213404114435645). Exiting per 00-claim retry budget; next heartbeat retries.
2026-09-06T08:59:00Z heartbeat: builder board still unreachable (403 on tasks list, project GET "You do not have access to this project", direct task GET 1218192717760615 "You do not have access to this task"; ASANA_PAT valid — users/me 200 as Cogent 1213404114435645, Ideas board 200). Eightieth consecutive heartbeat since 2026-09-05T06:40Z (~1579 min). Discord escalation for 2026-09-06 confirmed still present (msg 1545952157558251560, verified by direct message GET) — deduped, not reposted. gh 2.63.2 and jq present via preflight; repaired local git mount: detached HEAD, realigned main to origin/main, tracking restored. Cannot count live, resume stale run 2026-09-04-battlecode-2024 (operator-comment read and nonce guard 5.0.4 need the task), or claim. HUMAN NEEDED: restore Asana project 1217747772236871 access for PAT user Cogent (1213404114435645). Exiting per 00-claim retry budget; next heartbeat retries.
2026-09-06T09:19:09Z heartbeat: builder board still unreachable (403 on tasks list, project GET "You do not have access to this project", sections list, section 1217747860567752 tasks "You do not have access to this section", direct task GET 1218192717760615 "You do not have access to this task"; ASANA_PAT valid — users/me 200 as Cogent 1213404114435645, Ideas board 200). Eighty-first consecutive heartbeat since 2026-09-05T06:40Z (~1598 min). Discord escalation for 2026-09-06 confirmed still present (msg 1545952157558251560, verified by direct message GET) — deduped, not reposted. gh 2.63.2 and jq present via preflight; repaired local git mount: detached HEAD, realigned main to origin/main, tracking restored. Cannot count live, resume stale run 2026-09-04-battlecode-2024 (operator-comment read and nonce guard 5.0.4 need the task), or claim. HUMAN NEEDED: restore Asana project 1217747772236871 access for PAT user Cogent (1213404114435645). Exiting per 00-claim retry budget; next heartbeat retries.
2026-09-06T09:40:56Z heartbeat: builder board still unreachable (403 on tasks list x2, project GET "You do not have access to this project", section 1217747860567752 tasks "You do not have access to this section"; project absent from paginated workspace project list; ASANA_PAT valid — users/me 200 as Cogent 1213404114435645, Ideas board 200). Eighty-second consecutive heartbeat since 2026-09-05T06:40Z (~1620 min). Discord escalation for 2026-09-06 confirmed still present (msg 1545952157558251560, verified by direct message GET) — deduped, not reposted. gh 2.63.2 and jq present via preflight; git mount clean on main tracking origin/main. Cannot count live, resume stale run 2026-09-04-battlecode-2024 (operator-comment read and nonce guard 5.0.4 need the task), or claim. HUMAN NEEDED: restore Asana project 1217747772236871 access for PAT user Cogent (1213404114435645). Exiting per 00-claim retry budget; next heartbeat retries.
2026-09-06T09:56:00Z heartbeat: builder board still unreachable (403 on tasks list, project GET "You do not have access to this project", section 1217747860567752 tasks "You do not have access to this section"; ASANA_PAT valid — users/me 200 as Cogent 1213404114435645, Ideas board 200). Eighty-third consecutive heartbeat since 2026-09-05T06:40Z (~1636 min). Discord escalation for 2026-09-06 confirmed still present (msg 1545952157558251560, verified by direct message GET) — deduped, not reposted. gh 2.63.2 and jq present via preflight; repaired local git mount: detached HEAD, realigned main to origin/main, tracking restored. Cannot count live, resume stale run 2026-09-04-battlecode-2024 (operator-comment read and nonce guard 5.0.4 need the task), or claim. HUMAN NEEDED: restore Asana project 1217747772236871 access for PAT user Cogent (1213404114435645). Exiting per 00-claim retry budget; next heartbeat retries.
2026-09-06T10:16:00Z heartbeat: builder board still unreachable (403 on tasks list, project GET "You do not have access to this project", section 1217747860567752 tasks "You do not have access to this section", direct task GET 1218192717760615 "You do not have access to this task"; ASANA_PAT valid — users/me 200 as Cogent 1213404114435645, Ideas board 200). Eighty-fourth consecutive heartbeat since 2026-09-05T06:40Z (~1656 min). Discord escalation for 2026-09-06 confirmed still present (msg 1545952157558251560, verified by direct message GET) — deduped, not reposted. gh 2.63.2 and jq present via preflight; repaired local git mount: detached HEAD with diverged duplicate local main, realigned main to origin/main, tracking restored. Cannot count live, resume stale run 2026-09-04-battlecode-2024 (operator-comment read and nonce guard 5.0.4 need the task), or claim. HUMAN NEEDED: restore Asana project 1217747772236871 access for PAT user Cogent (1213404114435645). Exiting per 00-claim retry budget; next heartbeat retries.
2026-09-06T10:38:13Z heartbeat: builder board still unreachable (403 on tasks list, project GET "You do not have access to this project", section 1217747860567752 tasks "You do not have access to this section", direct task GET 1218192717760615 "You do not have access to this task"; project absent from workspace typeahead; ASANA_PAT valid — users/me 200 as Cogent 1213404114435645, Ideas board 200). Eighty-fifth consecutive heartbeat since 2026-09-05T06:40Z (~1675 min). Discord escalation for 2026-09-06 confirmed still present (msg 1545952157558251560, verified by direct message GET) — deduped, not reposted. gh 2.63.2 and jq present via preflight; repaired local git mount: detached HEAD, realigned main to origin/main, tracking restored. Cannot count live, resume stale run 2026-09-04-battlecode-2024 (operator-comment read and nonce guard 5.0.4 need the task), or claim. HUMAN NEEDED: restore Asana project 1217747772236871 access for PAT user Cogent (1213404114435645). Exiting per 00-claim retry budget; next heartbeat retries.
2026-09-06T10:57:00Z heartbeat: builder board still unreachable (403 on tasks list, project GET "You do not have access to this project", direct task GET 1218192717760615 "You do not have access to this task"; ASANA_PAT valid — users/me 200 as Cogent 1213404114435645, Ideas board 200). Eighty-sixth consecutive heartbeat since 2026-09-05T06:40Z (~1697 min). Discord escalation for 2026-09-06 confirmed still present (msg 1545952157558251560, verified by direct message GET) — deduped, not reposted. gh 2.63.2 and jq present via preflight; repaired local git mount: detached HEAD, realigned main to origin/main, tracking restored. Cannot count live, resume stale run 2026-09-04-battlecode-2024 (operator-comment read and nonce guard 5.0.4 need the task), or claim. HUMAN NEEDED: restore Asana project 1217747772236871 access for PAT user Cogent (1213404114435645). Exiting per 00-claim retry budget; next heartbeat retries.
2026-09-06T11:19:00Z heartbeat: builder board still unreachable (403 on tasks list, project GET "You do not have access to this project", section 1217747860567752 tasks, direct task GET 1218192717760615; ASANA_PAT valid — users/me 200 as Cogent 1213404114435645, Ideas board 200). Eighty-seventh consecutive heartbeat since 2026-09-05T06:40Z (~1719 min). Discord escalation for 2026-09-06 confirmed still present (msg 1545952157558251560, verified by direct message GET) — deduped, not reposted. gh 2.63.2 and jq present via preflight; repaired local git mount: detached HEAD, realigned main to origin/main, tracking restored. Cannot count live, resume stale run 2026-09-04-battlecode-2024 (operator-comment read and nonce guard 5.0.4 need the task), or claim. HUMAN NEEDED: restore Asana project 1217747772236871 access for PAT user Cogent (1213404114435645). Exiting per 00-claim retry budget; next heartbeat retries.
2026-09-06T11:41:00Z heartbeat: builder board still unreachable (403 on tasks list, project GET "You do not have access to this project", direct task GET 1218192717760615 "You do not have access to this task"; ASANA_PAT valid — users/me 200 as Cogent 1213404114435645, Ideas board 200). Eighty-eighth consecutive heartbeat since 2026-09-05T06:40Z (~1741 min). Discord escalation for 2026-09-06 confirmed still present (msg 1545952157558251560, verified by direct message GET) — deduped, not reposted. gh 2.63.2 and jq present via preflight; repaired local git mount: detached HEAD, realigned main to origin/main, tracking restored. Cannot count live, resume stale run 2026-09-04-battlecode-2024 (operator-comment read and nonce guard 5.0.4 need the task), or claim. HUMAN NEEDED: restore Asana project 1217747772236871 access for PAT user Cogent (1213404114435645). Exiting per 00-claim retry budget; next heartbeat retries.
2026-09-06T11:58:30Z heartbeat: builder board still unreachable (403 on tasks list, project GET "You do not have access to this project", section 1217747860567752 tasks "You do not have access to this section", direct task GET 1218192717760615 "You do not have access to this task"; project absent from workspace typeahead; ASANA_PAT valid — users/me 200 as Cogent 1213404114435645, Ideas board 200). Eighty-ninth consecutive heartbeat since 2026-09-05T06:40Z (~1758 min). Discord escalation for 2026-09-06 confirmed still present (msg 1545952157558251560, verified by direct message GET) — deduped, not reposted. gh 2.63.2 and jq present via preflight; repaired local git mount: detached HEAD, realigned main to origin/main, tracking restored. Cannot count live, resume stale run 2026-09-04-battlecode-2024 (operator-comment read and nonce guard 5.0.4 need the task), or claim. HUMAN NEEDED: restore Asana project 1217747772236871 access for PAT user Cogent (1213404114435645). Exiting per 00-claim retry budget; next heartbeat retries.
2026-09-06T12:16:00Z heartbeat: builder board still unreachable (403 on tasks list, project GET "You do not have access to this project", direct task GET 1218192717760615 "You do not have access to this task"; ASANA_PAT valid — users/me 200 as Cogent 1213404114435645, Ideas board 200). Ninetieth consecutive heartbeat since 2026-09-05T06:40Z (~1776 min). Discord escalation for 2026-09-06 confirmed still present (msg 1545952157558251560, verified by direct message GET) — deduped, not reposted. gh 2.63.2 and jq present via preflight; repaired local git mount: detached HEAD, realigned main to origin/main, tracking restored. Cannot count live, resume stale run 2026-09-04-battlecode-2024 (operator-comment read and nonce guard 5.0.4 need the task), or claim. HUMAN NEEDED: restore Asana project 1217747772236871 access for PAT user Cogent (1213404114435645). Exiting per 00-claim retry budget; next heartbeat retries.
2026-09-06T12:37:14Z heartbeat: builder board still unreachable (403 on tasks list, project GET "You do not have access to this project", section 1217747860567752 tasks "You do not have access to this section"; project absent from workspace project list and Coworld typeahead; ASANA_PAT valid — users/me 200 as Cogent 1213404114435645, Ideas board 200). Ninety-first consecutive heartbeat since 2026-09-05T06:40Z (~1800 min). Discord escalation for 2026-09-06 confirmed still present (msg 1545952157558251560, verified by direct message GET) — deduped, not reposted. gh 2.63.2 and jq present via preflight; repaired local git mount: detached HEAD with diverged duplicate local main (content strict subset of origin, heartbeats.log only), realigned main to origin/main, tracking restored. Cannot count live, resume stale run 2026-09-04-battlecode-2024 (operator-comment read and nonce guard 5.0.4 need the task), or claim. HUMAN NEEDED: restore Asana project 1217747772236871 access for PAT user Cogent (1213404114435645). Exiting per 00-claim retry budget; next heartbeat retries.
2026-09-06T12:58:30Z heartbeat: builder board still unreachable (403 on tasks list, project GET "You do not have access to this project", direct task GET 1218192717760615 "You do not have access to this task"; project absent from workspace 1209016784099267 Coworld typeahead; ASANA_PAT valid — users/me 200 as Cogent 1213404114435645, Ideas board 200). Ninety-second consecutive heartbeat since 2026-09-05T06:40Z (~1818 min). Discord escalation for 2026-09-06 confirmed still present (msg 1545952157558251560, verified by direct message GET) — deduped, not reposted. gh 2.63.2 and jq 1.7 present via preflight; repaired local git mount: detached HEAD with diverged duplicate local main (heartbeats.log lines only, strict subset content), realigned main onto origin/main via rebase, tracking restored. Cannot count live, resume stale run 2026-09-04-battlecode-2024 (operator-comment read and nonce guard 5.0.4 need the task), or claim. HUMAN NEEDED: restore Asana project 1217747772236871 access for PAT user Cogent (1213404114435645). Exiting per 00-claim retry budget; next heartbeat retries.
2026-09-06T13:14:00Z heartbeat: builder board still unreachable (403 on tasks list, project GET "You do not have access to this project", sections list, section 1217747860567752 tasks, direct task GET 1218192717760615; ASANA_PAT valid — users/me 200 as Cogent 1213404114435645, Ideas board 200). Ninety-third consecutive heartbeat since 2026-09-05T06:40Z (~1834 min). Discord escalation for 2026-09-06 confirmed still present (msg 1545952157558251560, verified by direct message GET) — deduped, not reposted. gh 2.63.2 and jq 1.7 present via preflight; repaired local git mount: detached HEAD with diverged duplicate local main (heartbeats.log lines only, strict subset content), realigned main to origin/main, tracking restored. Cannot count live, resume stale run 2026-09-04-battlecode-2024 (operator-comment read and nonce guard 5.0.4 need the task), or claim. HUMAN NEEDED: restore Asana project 1217747772236871 access for PAT user Cogent (1213404114435645). Exiting per 00-claim retry budget; next heartbeat retries.
2026-09-06T13:34:19Z heartbeat: builder board still unreachable (403 on tasks list, project GET "You do not have access to this project", section 1217747860567752 tasks "You do not have access to this section", direct task GET 1218192717760615 "You do not have access to this task"; project absent from Coworld typeahead; ASANA_PAT valid — users/me 200 as Cogent 1213404114435645, Ideas board 200). Ninety-fourth consecutive heartbeat since 2026-09-05T06:40Z (~1852 min). Discord escalation for 2026-09-06 confirmed still present (msg 1545952157558251560, verified by direct message GET) — deduped, not reposted. gh 2.63.2 and jq 1.7 present via preflight; repaired local git mount: detached HEAD, realigned main to origin/main, tracking restored. Cannot count live, resume stale run 2026-09-04-battlecode-2024 (operator-comment read and nonce guard 5.0.4 need the task), or claim. HUMAN NEEDED: restore Asana project 1217747772236871 access for PAT user Cogent (1213404114435645). Exiting per 00-claim retry budget; next heartbeat retries.
2026-09-06T13:59:00Z heartbeat: builder board still unreachable (403 on tasks list, project GET "You do not have access to this project", section 1217747860567752 tasks "You do not have access to this section", direct task GET 1218192717760615 "You do not have access to this task"; ASANA_PAT valid — users/me 200 as Cogent 1213404114435645, Ideas board 200). Ninety-fifth consecutive heartbeat since 2026-09-05T06:40Z (~1879 min). Discord escalation for 2026-09-06 confirmed still present (msg 1545952157558251560, verified by direct message GET) — deduped, not reposted. gh 2.63.2 and jq present via preflight; repaired local git mount: detached HEAD with diverged duplicate local main (heartbeats.log lines only), realigned main onto origin/main via rebase, tracking restored. Cannot count live, resume stale run 2026-09-04-battlecode-2024 (operator-comment read and nonce guard 5.0.4 need the task), or claim. HUMAN NEEDED: restore Asana project 1217747772236871 access for PAT user Cogent (1213404114435645). Exiting per 00-claim retry budget; next heartbeat retries.
2026-09-06T14:19:47Z heartbeat: builder board still unreachable (403 on tasks list, project GET "You do not have access to this project", section 1217747860567752 tasks "You do not have access to this section", direct task GET 1218192717760615 "You do not have access to this task"; ASANA_PAT valid — users/me 200 as Cogent 1213404114435645, Ideas board 200 with 86 tasks). Ninety-sixth consecutive heartbeat since 2026-09-05T06:40Z (~1900 min). Discord escalation for 2026-09-06 confirmed still present (msg 1545952157558251560, verified by direct message GET) — deduped, not reposted. gh 2.63.2 and jq present via preflight; repaired local git mount: detached HEAD, realigned main to origin/main, tracking restored. Cannot count live, resume stale run 2026-09-04-battlecode-2024 (operator-comment read and nonce guard 5.0.4 need the task), or claim. HUMAN NEEDED: restore Asana project 1217747772236871 access for PAT user Cogent (1213404114435645). Exiting per 00-claim retry budget; next heartbeat retries.
2026-09-06T14:38:19Z heartbeat: builder board still unreachable (403 on tasks list, project GET "You do not have access to this project", section 1217747860567752 GET "You do not have access to this section"; project absent from full paginated workspace project list and Coworld typeahead; ASANA_PAT valid — users/me 200 as Cogent 1213404114435645, Ideas board 200). Ninety-seventh consecutive heartbeat since 2026-09-05T06:40Z (~1914 min). Discord escalation for 2026-09-06 confirmed still present (msg 1545952157558251560, verified by direct message GET) — deduped, not reposted. gh 2.63.2 installed and jq present via preflight; git mount clean on main tracking origin/main. Cannot count live, resume stale run 2026-09-04-battlecode-2024 (operator-comment read and nonce guard 5.0.4 need the task), or claim. HUMAN NEEDED: restore Asana project 1217747772236871 access for PAT user Cogent (1213404114435645). Exiting per 00-claim retry budget; next heartbeat retries.
2026-09-06T14:54:37Z heartbeat: builder board still unreachable (403 on tasks list, project GET "You do not have access to this project", section 1217747860567752 GET "You do not have access to this section", direct task GET 1218192717760615 "You do not have access to this task"; ASANA_PAT valid — users/me 200 as Cogent 1213404114435645, Ideas board 200). Ninety-eighth consecutive heartbeat since 2026-09-05T06:40Z (~1932 min). Discord escalation for 2026-09-06 confirmed still present (msg 1545952157558251560, verified by direct message GET) — deduped, not reposted. gh 2.63.2 and jq 1.7 present via preflight; repaired local git mount: detached HEAD with stale diverged local main (all 50 local commits confirmed already contained in origin/main after deepen; fast-forwarded main, tracking restored). Cannot count live, resume stale run 2026-09-04-battlecode-2024 (operator-comment read and nonce guard 5.0.4 need the task), or claim. HUMAN NEEDED: restore Asana project 1217747772236871 access for PAT user Cogent (1213404114435645). Exiting per 00-claim retry budget; next heartbeat retries.
2026-09-06T15:18:40Z heartbeat: builder board still unreachable (403 on tasks list, project GET "You do not have access to this project", section 1217747860567752 tasks "You do not have access to this section", direct task GET 1218192717760615 "You do not have access to this task"; ASANA_PAT valid — users/me 200 as Cogent 1213404114435645, Ideas board 200). Ninety-ninth consecutive heartbeat since 2026-09-05T06:40Z (~1957 min). Discord escalation for 2026-09-06 confirmed still present (msg 1545952157558251560, verified by direct message GET) — deduped, not reposted. gh 2.63.2 and jq 1.7 present via preflight; repaired local git mount: detached HEAD with diverged duplicate local main (heartbeats.log lines only), realigned main onto origin/main via rebase, tracking restored. Cannot count live, resume stale run 2026-09-04-battlecode-2024 (operator-comment read and nonce guard 5.0.4 need the task), or claim. HUMAN NEEDED: restore Asana project 1217747772236871 access for PAT user Cogent (1213404114435645). Exiting per 00-claim retry budget; next heartbeat retries.
2026-09-06T15:35:30Z heartbeat: builder board still unreachable (403 on tasks list x2, project GET "You do not have access to this project", section 1217747860567752 tasks "You do not have access to this section", direct task GET 1218192717760615 "You do not have access to this task"; ASANA_PAT valid — users/me 200 as Cogent 1213404114435645, Ideas board 200). One-hundredth consecutive heartbeat since 2026-09-05T06:40Z (~1975 min). Discord escalation for 2026-09-06 confirmed still present (msg 1545952157558251560, verified by direct message GET) — deduped, not reposted. gh 2.63.2 and jq 1.7 present via preflight; repaired local git mount: detached HEAD with diverged duplicate local main (heartbeats.log lines only), realigned main onto origin/main via rebase, tracking restored. Cannot count live, resume stale run 2026-09-04-battlecode-2024 (operator-comment read and nonce guard 5.0.4 need the task), or claim. HUMAN NEEDED: restore Asana project 1217747772236871 access for PAT user Cogent (1213404114435645). Exiting per 00-claim retry budget; next heartbeat retries.
2026-09-06T15:58:20Z heartbeat: builder board still unreachable (403 on tasks list, project GET "You do not have access to this project", section 1217747860567752 tasks "You do not have access to this section", direct task GET 1218192717760615 "You do not have access to this task"; ASANA_PAT valid — users/me 200 as Cogent 1213404114435645, Ideas board 200). One-hundred-first consecutive heartbeat since 2026-09-05T06:40Z (~2000 min). Discord escalation for 2026-09-06 confirmed still present (msg 1545952157558251560, verified by direct message GET) — deduped, not reposted. gh 2.63.2 and jq present via preflight; repaired local git mount: detached HEAD, realigned main to origin/main, tracking restored. Cannot count live, resume stale run 2026-09-04-battlecode-2024 (operator-comment read and nonce guard 5.0.4 need the task), or claim. HUMAN NEEDED: restore Asana project 1217747772236871 access for PAT user Cogent (1213404114435645). Exiting per 00-claim retry budget; next heartbeat retries.
2026-09-06T16:20:30Z heartbeat: builder board still unreachable (403 on tasks list, project GET "You do not have access to this project", direct task GET 1218192717760615 "You do not have access to this task"; ASANA_PAT valid — users/me 200 as Cogent 1213404114435645, Ideas board 200). One-hundred-second consecutive heartbeat since 2026-09-05T06:40Z (~2020 min). Discord escalation for 2026-09-06 confirmed still present (msg 1545952157558251560, verified by direct message GET) — deduped, not reposted. gh 2.63.2 and jq 1.7 present via preflight; repaired local git mount: detached HEAD, realigned main to origin/main, tracking restored. Cannot count live, resume stale run 2026-09-04-battlecode-2024 (operator-comment read and nonce guard 5.0.4 need the task), or claim. HUMAN NEEDED: restore Asana project 1217747772236871 access for PAT user Cogent (1213404114435645). Exiting per 00-claim retry budget; next heartbeat retries.
2026-09-06T16:36:30Z heartbeat: builder board still unreachable (403 on tasks list, project GET "You do not have access to this project", section 1217747860567752 tasks "You do not have access to this section", direct task GET 1218192717760615 "You do not have access to this task"; ASANA_PAT valid — users/me 200 as Cogent 1213404114435645, Ideas board 200). One-hundred-third consecutive heartbeat since 2026-09-05T06:40Z (~2036 min). Discord escalation for 2026-09-06 confirmed still present (msg 1545952157558251560, verified by direct message GET) — deduped, not reposted. gh 2.63.2 and jq 1.7 present via preflight; repaired local git mount: detached HEAD, realigned main to origin/main, tracking restored. Cannot count live, resume stale run 2026-09-04-battlecode-2024 (operator-comment read and nonce guard 5.0.4 need the task), or claim. HUMAN NEEDED: restore Asana project 1217747772236871 access for PAT user Cogent (1213404114435645). Exiting per 00-claim retry budget; next heartbeat retries.
2026-09-06T17:00:19Z heartbeat: builder board still unreachable (403 on tasks list, project GET "You do not have access to this project", section 1217747860567752 tasks "You do not have access to this section", direct task GET 1218192717760615 "You do not have access to this task"; ASANA_PAT valid — users/me 200 as Cogent 1213404114435645, Ideas board 200). One-hundred-fourth consecutive heartbeat since 2026-09-05T06:40Z (~2057 min). Discord escalation for 2026-09-06 confirmed still present (msg 1545952157558251560, verified by direct message GET) — deduped, not reposted. gh 2.63.2 and jq present via preflight; repaired local git mount: detached HEAD at origin/main tip with stale local main, realigned main to origin/main, tracking restored. Cannot count live, resume stale run 2026-09-04-battlecode-2024 (operator-comment read and nonce guard 5.0.4 need the task), or claim. HUMAN NEEDED: restore Asana project 1217747772236871 access for PAT user Cogent (1213404114435645). Exiting per 00-claim retry budget; next heartbeat retries.
2026-09-06T17:18:22Z heartbeat: builder board still unreachable (403 on tasks list, project GET "You do not have access to this project"; project absent from Coworld typeahead; ASANA_PAT valid — users/me 200 as Cogent 1213404114435645, Ideas board 200). One-hundred-fifth consecutive heartbeat since 2026-09-05T06:40Z (~2074 min). Discord escalation for 2026-09-06 confirmed still present (msg 1545952157558251560, verified by direct message GET; zero replies after it) — deduped, not reposted. gh 2.63.2 and jq present via preflight; repaired local git mount: detached HEAD at origin/main tip with stale local main (contained in origin after deepen), fast-forwarded main, tracking restored. Cannot count live, resume stale run 2026-09-04-battlecode-2024 (operator-comment read and nonce guard 5.0.4 need the task), or claim (run task creation needs the board). HUMAN NEEDED: restore Asana project 1217747772236871 access for PAT user Cogent (1213404114435645). Exiting per 00-claim retry budget; next heartbeat retries.
2026-09-06T17:38:26Z heartbeat: builder board still unreachable (403 on tasks list, project GET "You do not have access to this project", section 1217747860567752 tasks "You do not have access to this section", direct task GET 1218192717760615 "You do not have access to this task"; ASANA_PAT valid — users/me 200 as Cogent 1213404114435645, Ideas board 200). One-hundred-sixth consecutive heartbeat since 2026-09-05T06:40Z (~2094 min). Discord escalation for 2026-09-06 confirmed still present (msg 1545952157558251560, verified by direct message GET; zero replies after it) — deduped, not reposted. gh 2.63.2 and jq 1.7 present via preflight; repaired local git mount: detached HEAD with shallow stale local main, unshallowed, fast-forwarded main to origin/main, tracking restored. Cannot count live, resume stale run 2026-09-04-battlecode-2024 (operator-comment read and nonce guard 5.0.4 need the task), or claim (run task creation needs the board). HUMAN NEEDED: restore Asana project 1217747772236871 access for PAT user Cogent (1213404114435645). Exiting per 00-claim retry budget; next heartbeat retries.
2026-09-06T17:58:00Z heartbeat: builder board still unreachable (403 on tasks list, project GET "You do not have access to this project", section 1217747860567752 tasks "You do not have access to this section", direct task GET 1218192717760615 "You do not have access to this task"; ASANA_PAT valid — users/me 200 as Cogent 1213404114435645, Ideas board 200). One-hundred-seventh consecutive heartbeat since 2026-09-05T06:40Z (~2118 min). Discord escalation for 2026-09-06 confirmed still present (msg 1545952157558251560, verified by direct message GET) — deduped, not reposted. gh 2.63.2 and jq 1.7 present via preflight; repaired local git mount: detached HEAD, realigned main to origin/main via checkout+rebase, tracking restored. Cannot count live, resume stale run 2026-09-04-battlecode-2024 (operator-comment read and nonce guard 5.0.4 need the task), or claim (run task creation needs the board). HUMAN NEEDED: restore Asana project 1217747772236871 access for PAT user Cogent (1213404114435645). Exiting per 00-claim retry budget; next heartbeat retries.
2026-09-06T18:18:15Z heartbeat: builder board still unreachable (403 on tasks list, project GET "You do not have access to this project", direct task GET 1218192717760615 "You do not have access to this task"; ASANA_PAT valid — users/me 200 as Cogent 1213404114435645, Ideas board 200). One-hundred-eighth consecutive heartbeat since 2026-09-05T06:40Z (~2135 min). Discord escalation for 2026-09-06 confirmed still present (msg 1545952157558251560, verified by direct message GET) — deduped, not reposted. gh 2.63.2 and jq present via preflight; repaired local git mount: detached HEAD, realigned main to origin/main via checkout+rebase, tracking restored. Cannot count live, resume stale run 2026-09-04-battlecode-2024 (operator-comment read and nonce guard 5.0.4 need the task), or claim (run task creation needs the board). HUMAN NEEDED: restore Asana project 1217747772236871 access for PAT user Cogent (1213404114435645). Exiting per 00-claim retry budget; next heartbeat retries.
2026-09-06T18:39:33Z heartbeat: builder board still unreachable (403 on tasks list, project GET "You do not have access to this project", section 1217747860567752 tasks "You do not have access to this section", direct task GET 1218192717760615 "You do not have access to this task"; ASANA_PAT valid — users/me 200 as Cogent 1213404114435645, Ideas board 200). One-hundred-ninth consecutive heartbeat since 2026-09-05T06:40Z (~2156 min). Discord escalation for 2026-09-06 confirmed still present (msg 1545952157558251560, verified by direct message GET) — deduped, not reposted. gh 2.63.2 and jq present via preflight; repaired local git mount: detached HEAD at origin/main tip, realigned main to origin/main, tracking restored. Cannot count live, resume stale run 2026-09-04-battlecode-2024 (operator-comment read and nonce guard 5.0.4 need the task), or claim (run task creation needs the board). HUMAN NEEDED: restore Asana project 1217747772236871 access for PAT user Cogent (1213404114435645). Exiting per 00-claim retry budget; next heartbeat retries.
2026-09-06T19:01:04Z heartbeat: builder board still unreachable (403 on tasks list, project GET "You do not have access to this project", section 1217747860567752 tasks "You do not have access to this section", direct task GET 1218192717760615 "You do not have access to this task"; ASANA_PAT valid — users/me 200 as Cogent 1213404114435645, Ideas board 200 with 86 tasks). One-hundred-tenth consecutive heartbeat since 2026-09-05T06:40Z (~2179 min). Discord escalation for 2026-09-06 confirmed still present (msg 1545952157558251560, verified by direct message GET; zero replies after it) — deduped, not reposted. gh 2.63.2 installed and jq present via preflight; repaired local git mount: detached HEAD, realigned main to origin/main via checkout+rebase, tracking restored. Cannot count live, resume stale run 2026-09-04-battlecode-2024 (operator-comment read and nonce guard 5.0.4 need the task), or claim (run task creation needs the board). HUMAN NEEDED: restore Asana project 1217747772236871 access for PAT user Cogent (1213404114435645). Exiting per 00-claim retry budget; next heartbeat retries.
2026-09-06T19:14:24Z heartbeat: builder board still unreachable (403 on tasks list, project GET "You do not have access to this project", section 1217747860567752 tasks "You do not have access to this section", direct task GET 1218192717760615 "You do not have access to this task"; ASANA_PAT valid — users/me 200 as Cogent, Ideas board 200 with 86 tasks). One-hundred-eleventh consecutive heartbeat since 2026-09-05T06:40Z (~2192 min). Discord escalation for 2026-09-06 confirmed still present (msg 1545952157558251560, verified by direct message GET) — deduped, not reposted. gh 2.63.2 and jq present via preflight; repaired local git mount: detached HEAD plus shallow stale local main, unshallowed, fast-forwarded main to origin/main, tracking restored. Cannot count live, resume stale run 2026-09-04-battlecode-2024 (operator-comment read and nonce guard 5.0.4 need the task), or claim (run task creation needs the board). HUMAN NEEDED: restore Asana project 1217747772236871 access for PAT user Cogent (1213404114435645). Exiting per 00-claim retry budget; next heartbeat retries.
2026-09-06T19:44:00Z heartbeat: builder board still unreachable (403 on tasks list, project GET "You do not have access to this project", section 1217747860567752 tasks "You do not have access to this section", direct task GET 1218192717760615 "You do not have access to this task"; project absent from workspace 1209016784099267 Coworld Builder typeahead; ASANA_PAT valid — users/me 200 as Cogent 1213404114435645, Ideas board 200). One-hundred-twelfth consecutive heartbeat since 2026-09-05T06:40Z (~2224 min). Discord escalation for 2026-09-06 confirmed still present (msg 1545952157558251560, verified by direct message GET) — deduped, not reposted. gh 2.63.2 and jq 1.7 present via preflight; repaired local git mount: detached HEAD with diverged duplicate local main (heartbeats.log lines only), realigned main onto origin/main via checkout+rebase, tracking restored. Cannot count live, resume stale run 2026-09-04-battlecode-2024 (operator-comment read and nonce guard 5.0.4 need the task), or claim (run task creation needs the board). HUMAN NEEDED: restore Asana project 1217747772236871 access for PAT user Cogent (1213404114435645). Exiting per 00-claim retry budget; next heartbeat retries.
2026-09-06T19:53:39Z heartbeat: builder board still unreachable (403 on tasks list, project GET "You do not have access to this project", section 1217747860567752 tasks "You do not have access to this section", direct task GET 1218192717760615 "You do not have access to this task"; ASANA_PAT valid — users/me 200 as Cogent 1213404114435645, Ideas board 200). One-hundred-thirteenth consecutive heartbeat since 2026-09-05T06:40Z (~2231 min). Discord escalation for 2026-09-06 confirmed still present (msg 1545952157558251560, verified by direct message GET) — deduped, not reposted. gh 2.63.2 and jq 1.7 present via preflight; repaired local git mount: detached HEAD with diverged duplicate local main (heartbeats.log lines only), realigned main onto origin/main via checkout+rebase, tracking restored. Cannot count live, resume stale run 2026-09-04-battlecode-2024 (operator-comment read and nonce guard 5.0.4 need the task), or claim (run task creation needs the board). HUMAN NEEDED: restore Asana project 1217747772236871 access for PAT user Cogent (1213404114435645). Exiting per 00-claim retry budget; next heartbeat retries.
2026-09-06T20:21:38Z heartbeat: builder board still unreachable (403 on tasks list, project GET "You do not have access to this project", section 1217747860567752 tasks "You do not have access to this section", direct task GET 1218192717760615 "You do not have access to this task"; project absent from workspace 1209016784099267 typeahead; ASANA_PAT valid — users/me 200 as Cogent 1213404114435645, Ideas board 200). One-hundred-fourteenth consecutive heartbeat since 2026-09-05T06:40Z (~2260 min). Discord escalation for 2026-09-06 confirmed still present (msg 1545952157558251560, verified by direct message GET) — deduped, not reposted. gh 2.63.2 and jq present via preflight; repaired local git mount: detached HEAD with diverged duplicate local main (heartbeats.log lines only), realigned main onto origin/main via checkout+rebase, tracking restored. Cannot count live, resume stale run 2026-09-04-battlecode-2024 (operator-comment read and nonce guard 5.0.4 need the task), or claim (run task creation needs the board). HUMAN NEEDED: restore Asana project 1217747772236871 access for PAT user Cogent (1213404114435645). Exiting per 00-claim retry budget; next heartbeat retries.
2026-09-06T20:37:00Z heartbeat: builder board still unreachable (403 on tasks list, project GET "You do not have access to this project", section 1217747860567752 tasks "You do not have access to this section", direct task GET 1218192717760615 "You do not have access to this task"; project absent from full paginated workspace project list; ASANA_PAT valid — users/me 200 as Cogent 1213404114435645, Ideas board 200). One-hundred-fourteenth consecutive heartbeat since 2026-09-05T06:40Z (~2277 min). Discord escalation for 2026-09-06 confirmed still present (msg 1545952157558251560, verified by direct message GET) — deduped, not reposted. gh 2.63.2 and jq present via preflight; repaired local git mount: detached HEAD, realigned main to origin/main via checkout+rebase, tracking restored. Cannot count live, resume stale run 2026-09-04-battlecode-2024 (operator-comment read and nonce guard 5.0.4 need the task), or claim (run task creation needs the board). HUMAN NEEDED: restore Asana project 1217747772236871 access for PAT user Cogent (1213404114435645). Exiting per 00-claim retry budget; next heartbeat retries.
2026-09-06T20:58:17Z heartbeat: builder board still unreachable (403 on tasks list, project GET "You do not have access to this project", section 1217747860567752 tasks "You do not have access to this section", direct task GET 1218192717760615 "You do not have access to this task"; ASANA_PAT valid — users/me 200 as Cogent 1213404114435645, Ideas board 200 with 86 tasks). One-hundred-fifteenth consecutive heartbeat since 2026-09-05T06:40Z (~2295 min). Discord escalation for 2026-09-06 confirmed still present (msg 1545952157558251560, verified by direct message GET) — deduped, not reposted. gh 2.63.2 installed and jq present via preflight; repaired local git mount: detached HEAD with stale local main, realigned main onto origin/main via checkout+rebase, tracking restored. Cannot count live, resume stale run 2026-09-04-battlecode-2024 (operator-comment read and nonce guard 5.0.4 need the task), or claim (run task creation needs the board). HUMAN NEEDED: restore Asana project 1217747772236871 access for PAT user Cogent (1213404114435645). Exiting per 00-claim retry budget; next heartbeat retries.
2026-09-06T21:22:00Z heartbeat: builder board still unreachable (403 on tasks list, project GET "You do not have access to this project", section 1217747860567752 tasks "You do not have access to this section", direct task GET 1218192717760615 "You do not have access to this task"; ASANA_PAT valid — users/me 200 as Cogent 1213404114435645, Ideas board 200). One-hundred-sixteenth consecutive heartbeat since 2026-09-05T06:40Z (~2322 min). Discord escalation for 2026-09-06 confirmed still present (msg 1545952157558251560, verified by direct message GET) — deduped, not reposted. gh 2.63.2 and jq 1.7 present via preflight; repaired local git mount: main diverged with 50 duplicate local commits (heartbeats.log content strict subset of origin, 0 unique lines), realigned main to origin/main, tracking restored. Cannot count live, resume stale run 2026-09-04-battlecode-2024 (operator-comment read and nonce guard 5.0.4 need the task), or claim (run task creation needs the board). HUMAN NEEDED: restore Asana project 1217747772236871 access for PAT user Cogent (1213404114435645). Exiting per 00-claim retry budget; next heartbeat retries.
2026-09-06T21:35:00Z heartbeat: builder board still unreachable (403 on tasks list, project GET "You do not have access to this project", section 1217747860567752 tasks "You do not have access to this section", direct task GET 1218192717760615 "You do not have access to this task"; ASANA_PAT valid — users/me 200 as Cogent 1213404114435645, Ideas board 200). One-hundred-seventeenth consecutive heartbeat since 2026-09-05T06:40Z (~2335 min). Discord escalation for 2026-09-06 confirmed still present (msg 1545952157558251560, verified by direct message GET) — deduped, not reposted. gh 2.63.2 and jq 1.7 present via preflight; repaired local git mount: detached HEAD with stale local main, checked out main and rebased onto origin/main, tracking restored. Cannot count live, resume stale run 2026-09-04-battlecode-2024 (operator-comment read and nonce guard 5.0.4 need the task), or claim (run task creation needs the board). HUMAN NEEDED: restore Asana project 1217747772236871 access for PAT user Cogent (1213404114435645). Exiting per 00-claim retry budget; next heartbeat retries.
2026-09-06T21:57:30Z heartbeat: builder board still unreachable (403 on tasks list, project GET "You do not have access to this project", section 1217747860567752 tasks "You do not have access to this section", direct task GET 1218192717760615 "You do not have access to this task"; ASANA_PAT valid — users/me 200 as Cogent 1213404114435645, Ideas board 200). One-hundred-eighteenth consecutive heartbeat since 2026-09-05T06:40Z (~2357 min). Discord escalation for 2026-09-06 confirmed still present (msg 1545952157558251560, verified by direct message GET) — deduped, not reposted. gh 2.63.2 and jq present via preflight; repaired local git mount: detached HEAD with stale local main, checked out main and rebased onto origin/main, tracking restored. Cannot count live, resume stale run 2026-09-04-battlecode-2024 (operator-comment read and nonce guard 5.0.4 need the task), or claim (run task creation needs the board). HUMAN NEEDED: restore Asana project 1217747772236871 access for PAT user Cogent (1213404114435645). Exiting per 00-claim retry budget; next heartbeat retries.
2026-09-06T22:14:30Z heartbeat: builder board still unreachable (403 on tasks list, project GET "You do not have access to this project", direct task GET 1218192717760615 "You do not have access to this task"; ASANA_PAT valid — users/me 200 as Cogent 1213404114435645, Ideas board 200 with 86 tasks). One-hundred-nineteenth consecutive heartbeat since 2026-09-05T06:40Z (~2374 min). Discord escalation for 2026-09-06 confirmed still present (msg 1545952157558251560, verified by direct message GET) — deduped, not reposted. gh 2.63.2 and jq 1.7 present via preflight; repaired local git mount: detached HEAD with diverged duplicate local main (heartbeats.log lines only), realigned main onto origin/main via checkout+rebase, tracking restored. Cannot count live, resume stale run 2026-09-04-battlecode-2024 (operator-comment read and nonce guard 5.0.4 need the task), or claim (run task creation needs the board). HUMAN NEEDED: restore Asana project 1217747772236871 access for PAT user Cogent (1213404114435645). Exiting per 00-claim retry budget; next heartbeat retries.
2026-09-06T22:40:13Z heartbeat: builder board still unreachable (403 on tasks list, project GET "You do not have access to this project", section 1217747860567752 tasks "You do not have access to this section", direct task GET 1218192717760615 "You do not have access to this task"; project absent from full paginated workspace project list; ASANA_PAT valid — users/me 200 as Cogent 1213404114435645, Ideas board 200). One-hundred-twentieth consecutive heartbeat since 2026-09-05T06:40Z (~2397 min). Discord escalation for 2026-09-06 confirmed still present (msg 1545952157558251560, verified by direct message GET) — deduped, not reposted. gh 2.63.2 and jq present via preflight; repaired local git mount: detached HEAD with stale local main, checked out main and rebased onto origin/main, tracking restored. Cannot count live, resume stale run 2026-09-04-battlecode-2024 (operator-comment read and nonce guard 5.0.4 need the task), or claim (run task creation needs the board). HUMAN NEEDED: restore Asana project 1217747772236871 access for PAT user Cogent (1213404114435645). Exiting per 00-claim retry budget; next heartbeat retries.
2026-09-06T22:59:45Z heartbeat: builder board still unreachable (403 on tasks list, project GET "You do not have access to this project", direct task GET 1218192717760615 "You do not have access to this task"; ASANA_PAT valid — users/me 200 as Cogent 1213404114435645, Ideas board 200). One-hundred-twenty-first consecutive heartbeat since 2026-09-05T06:40Z (~2420 min). Discord escalation for 2026-09-06 confirmed still present (msg 1545952157558251560, verified by direct message GET) — deduped, not reposted. gh 2.63.2 and jq 1.7 present via preflight; repaired local git mount: detached HEAD, checked out main and rebased onto origin/main, tracking restored. Cannot count live, resume stale run 2026-09-04-battlecode-2024 (operator-comment read and nonce guard 5.0.4 need the task), or claim (run task creation needs the board). HUMAN NEEDED: restore Asana project 1217747772236871 access for PAT user Cogent (1213404114435645). Exiting per 00-claim retry budget; next heartbeat retries.
2026-09-06T23:18:25Z heartbeat: builder board still unreachable (403 on tasks list, project GET "You do not have access to this project", section 1217747860567752 tasks 403; project absent from full paginated workspace project list; ASANA_PAT valid — users/me 200 as Cogent 1213404114435645, Ideas board 200). One-hundred-twenty-second consecutive heartbeat since 2026-09-05T06:40Z (~2437 min). Discord escalation for 2026-09-06 confirmed still present (msg 1545952157558251560, verified by direct message GET; zero replies after it) — deduped, not reposted. gh 2.63.2 and jq present via preflight; repaired local git mount: detached HEAD with stale local main, checked out main and rebased onto origin/main, tracking restored. Cannot count live, resume stale run 2026-09-04-battlecode-2024 (operator-comment read and nonce guard 5.0.4 need the task), or claim (run task creation needs the board). HUMAN NEEDED: restore Asana project 1217747772236871 access for PAT user Cogent (1213404114435645). Exiting per 00-claim retry budget; next heartbeat retries.
2026-09-06T23:41:30Z heartbeat: builder board still unreachable (403 on tasks list, project GET "You do not have access to this project", section 1217747860567752 tasks 403, direct task GET 1218192717760615 403; ASANA_PAT valid — users/me 200 as Cogent 1213404114435645, Ideas board 200). One-hundred-twenty-third consecutive heartbeat since 2026-09-05T06:40Z (~2461 min). Discord escalation for 2026-09-06 confirmed still present (msg 1545952157558251560, verified by direct message GET) — deduped, not reposted. gh 2.63.2 and jq present via preflight; repaired local git mount: detached HEAD with stale local main, checked out main and rebased onto origin/main, tracking restored. Cannot count live, resume stale run 2026-09-04-battlecode-2024 (operator-comment read and nonce guard 5.0.4 need the task), or claim (run task creation needs the board). HUMAN NEEDED: restore Asana project 1217747772236871 access for PAT user Cogent (1213404114435645). Exiting per 00-claim retry budget; next heartbeat retries.
2026-09-06T23:56:30Z heartbeat: builder board still unreachable (403 on tasks list, project GET "You do not have access to this project", direct task GET 1218192717760615 403; project absent from workspace 1209016784099267 Coworld typeahead; ASANA_PAT valid — users/me 200 as Cogent 1213404114435645, Ideas board 200). One-hundred-twenty-fourth consecutive heartbeat since 2026-09-05T06:40Z (~2476 min). Discord escalation for 2026-09-06 confirmed still present (msg 1545952157558251560, verified by direct message GET) — deduped, not reposted. gh 2.63.2 and jq 1.7 present via preflight; repaired local git mount: detached HEAD with shallow diverged local main, unshallowed (merge-base restored), fast-forwarded main to origin/main, tracking restored. Cannot count live, resume stale run 2026-09-04-battlecode-2024 (operator-comment read and nonce guard 5.0.4 need the task), or claim (run task creation needs the board). HUMAN NEEDED: restore Asana project 1217747772236871 access for PAT user Cogent (1213404114435645). Exiting per 00-claim retry budget; next heartbeat retries.
2026-09-07T00:14:40Z heartbeat: builder board still unreachable (403 on tasks list, project GET "You do not have access to this project", section 1217747860567752 tasks 403, direct task GET 1218192717760615 403; ASANA_PAT valid — users/me 200 as Cogent 1213404114435645). One-hundred-twenty-fifth consecutive heartbeat since 2026-09-05T06:40Z (~2491 min). New UTC day: posted Discord escalation for 2026-09-07 (day 3) to #coworlds, msg 1546312647815733259, after confirming no 2026-09-07 QUEUE STALLED message existed in the last 50 (09-05 msg 1545698843885183116 and 09-06 msg 1545952157558251560 still present, zero replies). gh 2.63.2 and jq present via preflight; repaired local git mount: detached HEAD with stale local main, checked out main and pulled --rebase from origin/main. Cannot count live, resume stale run 2026-09-04-battlecode-2024 (operator-comment read and nonce guard 5.0.4 need the task), or claim (run task creation needs the board). HUMAN NEEDED: restore Asana project 1217747772236871 access for PAT user Cogent (1213404114435645). Exiting per 00-claim retry budget; next heartbeat retries.
2026-09-07T00:34:00Z heartbeat: builder board still unreachable (403 on tasks list, project GET "You do not have access to this project", sections list 403, section 1217747860567752 tasks 403; project absent from workspace 1209016784099267 Coworld typeahead; ASANA_PAT valid — users/me 200 as Cogent 1213404114435645, Ideas board 200). One-hundred-twenty-sixth consecutive heartbeat since 2026-09-05T06:40Z (~2514 min). Discord escalation for 2026-09-07 confirmed still present (msg 1546312647815733259, verified by direct message GET) — deduped, not reposted. gh 2.63.2 and jq 1.7 present via preflight; repaired local git mount: detached HEAD with stale local main, checked out main and rebased onto origin/main, tracking restored. Cannot count live, resume stale run 2026-09-04-battlecode-2024 (operator-comment read and nonce guard 5.0.4 need the task), or claim (run task creation needs the board). HUMAN NEEDED: restore Asana project 1217747772236871 access for PAT user Cogent (1213404114435645). Exiting per 00-claim retry budget; next heartbeat retries.
2026-09-07T00:54:42Z heartbeat: builder board still unreachable (403 on tasks list x2, project GET "You do not have access to this project", section 1217747860567752 tasks 403; ASANA_PAT valid — users/me 200 as Cogent 1213404114435645, Ideas board 200). One-hundred-twenty-seventh consecutive heartbeat since 2026-09-05T06:40Z (~2531 min). Discord escalation for 2026-09-07 confirmed still present (msg 1546312647815733259, verified by direct message GET) — deduped, not reposted. gh 2.63.2 installed and jq present via preflight; repaired local git mount: detached HEAD with stale local main, checked out main and rebased onto origin/main, tracking restored. Cannot count live, resume stale run 2026-09-04-battlecode-2024 (operator-comment read and nonce guard 5.0.4 need the task), or claim (run task creation needs the board). HUMAN NEEDED: restore Asana project 1217747772236871 access for PAT user Cogent (1213404114435645). Exiting per 00-claim retry budget; next heartbeat retries.
2026-09-07T01:17:43Z heartbeat: builder board still unreachable (403 on tasks list, project GET "You do not have access to this project", sections list 403; project absent from workspace 1209016784099267 Coworld typeahead; ASANA_PAT valid — users/me 200 as Cogent 1213404114435645, Ideas board 200). One-hundred-twenty-eighth consecutive heartbeat since 2026-09-05T06:40Z (~2554 min). Discord escalation for 2026-09-07 confirmed still present (msg 1546312647815733259, verified by direct message GET) — deduped, not reposted. gh 2.63.2 installed and jq present via preflight; repaired local git mount: detached HEAD with stale local main, checked out main and rebased onto origin/main, tracking restored. Cannot count live, resume stale run 2026-09-04-battlecode-2024 (operator-comment read and nonce guard 5.0.4 need the task), or claim (run task creation needs the board). HUMAN NEEDED: restore Asana project 1217747772236871 access for PAT user Cogent (1213404114435645). Exiting per 00-claim retry budget; next heartbeat retries.
2026-09-07T01:37:35Z 00 deferred idea=1218173707682926 host=cogame-battlecode busy=2026-09-04-battlecode-2024 (also deferred: 1218173818729631, 1218173707344974, 1218173818034076, 1218173707507614, 1218173792280294 — ideas 31-36 all mod the same host repo)
2026-09-07T01:37:35Z heartbeat: nothing to do (live=1/3: battlecode-2024 fresh under session cb9a9f89; 0 blocked; Asana Builder board access RESTORED this heartbeat after 128 unreachable heartbeats; all 6 remaining incomplete ideas are cogame-battlecode mods deferred behind the live run; 2 others previously SKIPPED)
2026-09-07T01:57:00Z 00 deferred idea=1218173818729631 host=cogame-battlecode busy=2026-09-04-battlecode-2024 (also deferred: 1218173707682926, 1218173707344974, 1218173818034076, 1218173707507614, 1218173792280294 — ideas 31-36 all mod the same host repo)
2026-09-07T01:57:00Z heartbeat: nothing to do (live=1/3: battlecode-2024 fresh, heartbeat_at=2026-09-07T01:20:09Z session=cb9a9f89 session_ended_at=null, builder thread active — not touched; 0 blocked; ideas 31-36 deferred behind live host-repo run; 2 ideas previously SKIPPED)
2026-09-07T02:21:17Z 00 deferred idea=1218173818729631 host=cogame-battlecode busy=2026-09-04-battlecode-2024
2026-09-07T02:21:17Z 00 deferred idea=1218173707682926 host=cogame-battlecode busy=2026-09-04-battlecode-2024
2026-09-07T02:21:17Z 00 deferred idea=1218173707344974 host=cogame-battlecode busy=2026-09-04-battlecode-2024
2026-09-07T02:21:17Z 00 deferred idea=1218173818034076 host=cogame-battlecode busy=2026-09-04-battlecode-2024
2026-09-07T02:21:17Z 00 deferred idea=1218173707507614 host=cogame-battlecode busy=2026-09-04-battlecode-2024
2026-09-07T02:21:17Z 00 deferred idea=1218173792280294 host=cogame-battlecode busy=2026-09-04-battlecode-2024
2026-09-07T02:21:17Z heartbeat: nothing to do
2026-09-07T02:38:19Z 00 deferred idea=1218173818729631 host=cogame-battlecode busy=2026-09-04-battlecode-2024
2026-09-07T02:38:19Z 00 deferred idea=1218173707682926 host=cogame-battlecode busy=2026-09-04-battlecode-2024
2026-09-07T02:38:19Z 00 deferred idea=1218173707344974 host=cogame-battlecode busy=2026-09-04-battlecode-2024
2026-09-07T02:38:19Z 00 deferred idea=1218173818034076 host=cogame-battlecode busy=2026-09-04-battlecode-2024
2026-09-07T02:38:19Z 00 deferred idea=1218173707507614 host=cogame-battlecode busy=2026-09-04-battlecode-2024
2026-09-07T02:38:19Z 00 deferred idea=1218173792280294 host=cogame-battlecode busy=2026-09-04-battlecode-2024
2026-09-07T02:38:19Z heartbeat: nothing to do
2026-09-07T02:58:52Z 00 deferred idea=1218173818729631 host=cogame-battlecode busy=2026-09-04-battlecode-2024
2026-09-07T02:58:52Z 00 deferred idea=1218173707682926 host=cogame-battlecode busy=2026-09-04-battlecode-2024
2026-09-07T02:58:52Z 00 deferred idea=1218173707344974 host=cogame-battlecode busy=2026-09-04-battlecode-2024
2026-09-07T02:58:52Z 00 deferred idea=1218173818034076 host=cogame-battlecode busy=2026-09-04-battlecode-2024
2026-09-07T02:58:52Z 00 deferred idea=1218173707507614 host=cogame-battlecode busy=2026-09-04-battlecode-2024
2026-09-07T02:58:52Z 00 deferred idea=1218173792280294 host=cogame-battlecode busy=2026-09-04-battlecode-2024
2026-09-07T02:58:52Z heartbeat: nothing to do
2026-09-07T03:18:43Z 00 deferred idea=1218173818729631 host=cogame-battlecode busy=2026-09-04-battlecode-2024
2026-09-07T03:18:43Z 00 deferred idea=1218173707682926 host=cogame-battlecode busy=2026-09-04-battlecode-2024
2026-09-07T03:18:43Z 00 deferred idea=1218173707344974 host=cogame-battlecode busy=2026-09-04-battlecode-2024
2026-09-07T03:18:43Z 00 deferred idea=1218173818034076 host=cogame-battlecode busy=2026-09-04-battlecode-2024
2026-09-07T03:18:43Z 00 deferred idea=1218173707507614 host=cogame-battlecode busy=2026-09-04-battlecode-2024
2026-09-07T03:18:43Z 00 deferred idea=1218173792280294 host=cogame-battlecode busy=2026-09-04-battlecode-2024
2026-09-07T03:18:43Z heartbeat: nothing to do
2026-09-07T03:36:59Z 00 deferred idea=1218173818729631 host=cogame-battlecode busy=2026-09-04-battlecode-2024
2026-09-07T03:36:59Z 00 deferred idea=1218173707682926 host=cogame-battlecode busy=2026-09-04-battlecode-2024
2026-09-07T03:36:59Z 00 deferred idea=1218173707344974 host=cogame-battlecode busy=2026-09-04-battlecode-2024
2026-09-07T03:36:59Z 00 deferred idea=1218173818034076 host=cogame-battlecode busy=2026-09-04-battlecode-2024
2026-09-07T03:36:59Z 00 deferred idea=1218173707507614 host=cogame-battlecode busy=2026-09-04-battlecode-2024
2026-09-07T03:36:59Z 00 deferred idea=1218173792280294 host=cogame-battlecode busy=2026-09-04-battlecode-2024
2026-09-07T03:36:59Z heartbeat: nothing to do
2026-09-07T03:59:54Z 00 deferred idea=1218173818729631 host=cogame-battlecode busy=2026-09-04-battlecode-2024
2026-09-07T03:59:54Z 00 deferred idea=1218173707682926 host=cogame-battlecode busy=2026-09-04-battlecode-2024
2026-09-07T03:59:54Z 00 deferred idea=1218173707344974 host=cogame-battlecode busy=2026-09-04-battlecode-2024
2026-09-07T03:59:54Z 00 deferred idea=1218173818034076 host=cogame-battlecode busy=2026-09-04-battlecode-2024
2026-09-07T03:59:54Z 00 deferred idea=1218173707507614 host=cogame-battlecode busy=2026-09-04-battlecode-2024
2026-09-07T03:59:54Z 00 deferred idea=1218173792280294 host=cogame-battlecode busy=2026-09-04-battlecode-2024
2026-09-07T03:59:54Z heartbeat: nothing to do
2026-09-07T04:21:24Z 00 deferred idea=1218173818729631 host=cogame-battlecode busy=2026-09-04-battlecode-2024
2026-09-07T04:21:24Z 00 deferred idea=1218173707682926 host=cogame-battlecode busy=2026-09-04-battlecode-2024
2026-09-07T04:21:24Z 00 deferred idea=1218173707344974 host=cogame-battlecode busy=2026-09-04-battlecode-2024
2026-09-07T04:21:24Z 00 deferred idea=1218173818034076 host=cogame-battlecode busy=2026-09-04-battlecode-2024
2026-09-07T04:21:24Z 00 deferred idea=1218173707507614 host=cogame-battlecode busy=2026-09-04-battlecode-2024
2026-09-07T04:21:24Z 00 deferred idea=1218173792280294 host=cogame-battlecode busy=2026-09-04-battlecode-2024
2026-09-07T04:21:24Z heartbeat: nothing to do
2026-09-07T04:57:26Z 00 deferred idea=1218173818729631 host=cogame-battlecode busy=2026-09-04-battlecode-2024
2026-09-07T04:57:26Z 00 deferred idea=1218173707682926 host=cogame-battlecode busy=2026-09-04-battlecode-2024
2026-09-07T04:57:26Z 00 deferred idea=1218173707344974 host=cogame-battlecode busy=2026-09-04-battlecode-2024
2026-09-07T04:57:26Z 00 deferred idea=1218173818034076 host=cogame-battlecode busy=2026-09-04-battlecode-2024
2026-09-07T04:57:26Z 00 deferred idea=1218173707507614 host=cogame-battlecode busy=2026-09-04-battlecode-2024
2026-09-07T04:57:26Z 00 deferred idea=1218173792280294 host=cogame-battlecode busy=2026-09-04-battlecode-2024
2026-09-07T04:57:26Z heartbeat: nothing to do
2026-09-07T05:19:03Z 00 deferred idea=1218173818729631 host=cogame-battlecode busy=2026-09-04-battlecode-2024
2026-09-07T05:19:03Z 00 deferred idea=1218173707682926 host=cogame-battlecode busy=2026-09-04-battlecode-2024
2026-09-07T05:19:03Z 00 deferred idea=1218173707344974 host=cogame-battlecode busy=2026-09-04-battlecode-2024
2026-09-07T05:19:03Z 00 deferred idea=1218173818034076 host=cogame-battlecode busy=2026-09-04-battlecode-2024
2026-09-07T05:19:03Z 00 deferred idea=1218173707507614 host=cogame-battlecode busy=2026-09-04-battlecode-2024
2026-09-07T05:19:03Z 00 deferred idea=1218173792280294 host=cogame-battlecode busy=2026-09-04-battlecode-2024
2026-09-07T05:19:03Z heartbeat: nothing to do
2026-09-07T05:37:20Z 00 deferred idea=1218173818729631 host=cogame-battlecode busy=2026-09-04-battlecode-2024
2026-09-07T05:37:20Z 00 deferred idea=1218173707682926 host=cogame-battlecode busy=2026-09-04-battlecode-2024
2026-09-07T05:37:20Z 00 deferred idea=1218173707344974 host=cogame-battlecode busy=2026-09-04-battlecode-2024
2026-09-07T05:37:20Z 00 deferred idea=1218173818034076 host=cogame-battlecode busy=2026-09-04-battlecode-2024
2026-09-07T05:37:20Z 00 deferred idea=1218173707507614 host=cogame-battlecode busy=2026-09-04-battlecode-2024
2026-09-07T05:37:20Z 00 deferred idea=1218173792280294 host=cogame-battlecode busy=2026-09-04-battlecode-2024
2026-09-07T05:37:20Z heartbeat: nothing to do
2026-09-07T06:01:02Z 00 deferred idea=1218173818729631 host=cogame-battlecode busy=2026-09-04-battlecode-2024
2026-09-07T06:01:02Z 00 deferred idea=1218173707682926 host=cogame-battlecode busy=2026-09-04-battlecode-2024
2026-09-07T06:01:02Z 00 deferred idea=1218173707344974 host=cogame-battlecode busy=2026-09-04-battlecode-2024
2026-09-07T06:01:02Z 00 deferred idea=1218173818034076 host=cogame-battlecode busy=2026-09-04-battlecode-2024
2026-09-07T06:01:02Z 00 deferred idea=1218173707507614 host=cogame-battlecode busy=2026-09-04-battlecode-2024
2026-09-07T06:01:02Z 00 deferred idea=1218173792280294 host=cogame-battlecode busy=2026-09-04-battlecode-2024
2026-09-07T06:01:02Z heartbeat: nothing to do
2026-09-07T06:22:35Z 00 deferred idea=1218173818729631 host=cogame-battlecode busy=2026-09-04-battlecode-2024
2026-09-07T06:22:35Z 00 deferred idea=1218173707682926 host=cogame-battlecode busy=2026-09-04-battlecode-2024
2026-09-07T06:22:35Z 00 deferred idea=1218173707344974 host=cogame-battlecode busy=2026-09-04-battlecode-2024
2026-09-07T06:22:35Z 00 deferred idea=1218173818034076 host=cogame-battlecode busy=2026-09-04-battlecode-2024
2026-09-07T06:22:35Z 00 deferred idea=1218173707507614 host=cogame-battlecode busy=2026-09-04-battlecode-2024
2026-09-07T06:22:35Z 00 deferred idea=1218173792280294 host=cogame-battlecode busy=2026-09-04-battlecode-2024
2026-09-07T06:22:35Z heartbeat: nothing to do
2026-09-07T06:36:06Z 00 deferred idea=1218173818729631 host=cogame-battlecode busy=2026-09-04-battlecode-2024
2026-09-07T06:36:06Z 00 deferred idea=1218173707682926 host=cogame-battlecode busy=2026-09-04-battlecode-2024
2026-09-07T06:36:06Z 00 deferred idea=1218173707344974 host=cogame-battlecode busy=2026-09-04-battlecode-2024
2026-09-07T06:36:06Z 00 deferred idea=1218173818034076 host=cogame-battlecode busy=2026-09-04-battlecode-2024
2026-09-07T06:36:06Z 00 deferred idea=1218173707507614 host=cogame-battlecode busy=2026-09-04-battlecode-2024
2026-09-07T06:36:06Z 00 deferred idea=1218173792280294 host=cogame-battlecode busy=2026-09-04-battlecode-2024
2026-09-07T06:36:06Z heartbeat: nothing to do
2026-09-07T07:02:02Z 00 deferred idea=1218173818729631 host=cogame-battlecode busy=2026-09-04-battlecode-2024
2026-09-07T07:02:02Z 00 deferred idea=1218173707682926 host=cogame-battlecode busy=2026-09-04-battlecode-2024
2026-09-07T07:02:02Z 00 deferred idea=1218173707344974 host=cogame-battlecode busy=2026-09-04-battlecode-2024
2026-09-07T07:02:02Z 00 deferred idea=1218173818034076 host=cogame-battlecode busy=2026-09-04-battlecode-2024
2026-09-07T07:02:02Z 00 deferred idea=1218173707507614 host=cogame-battlecode busy=2026-09-04-battlecode-2024
2026-09-07T07:02:02Z 00 deferred idea=1218173792280294 host=cogame-battlecode busy=2026-09-04-battlecode-2024
2026-09-07T07:02:02Z heartbeat: nothing to do
2026-09-07T07:28:56Z 00 deferred idea=1218173818729631 host=cogame-battlecode busy=2026-09-04-battlecode-2024
2026-09-07T07:28:56Z 00 deferred idea=1218173707682926 host=cogame-battlecode busy=2026-09-04-battlecode-2024
2026-09-07T07:28:56Z 00 deferred idea=1218173707344974 host=cogame-battlecode busy=2026-09-04-battlecode-2024
2026-09-07T07:28:56Z 00 deferred idea=1218173818034076 host=cogame-battlecode busy=2026-09-04-battlecode-2024
2026-09-07T07:28:56Z 00 deferred idea=1218173707507614 host=cogame-battlecode busy=2026-09-04-battlecode-2024
2026-09-07T07:28:56Z 00 deferred idea=1218173792280294 host=cogame-battlecode busy=2026-09-04-battlecode-2024
2026-09-07T07:28:56Z heartbeat: nothing to do
2026-09-07T07:34:34Z 00 deferred idea=1218173818729631 host=cogame-battlecode busy=2026-09-04-battlecode-2024
2026-09-07T07:34:34Z 00 deferred idea=1218173707682926 host=cogame-battlecode busy=2026-09-04-battlecode-2024
2026-09-07T07:34:34Z 00 deferred idea=1218173707344974 host=cogame-battlecode busy=2026-09-04-battlecode-2024
2026-09-07T07:34:34Z 00 deferred idea=1218173818034076 host=cogame-battlecode busy=2026-09-04-battlecode-2024
2026-09-07T07:34:34Z 00 deferred idea=1218173707507614 host=cogame-battlecode busy=2026-09-04-battlecode-2024
2026-09-07T07:34:34Z 00 deferred idea=1218173792280294 host=cogame-battlecode busy=2026-09-04-battlecode-2024
2026-09-07T07:34:34Z heartbeat: nothing to do
2026-09-07T08:21:56Z 00 deferred idea=1218173818729631 host=cogame-battlecode busy=2026-09-04-battlecode-2024
2026-09-07T08:21:56Z 00 deferred idea=1218173707682926 host=cogame-battlecode busy=2026-09-04-battlecode-2024
2026-09-07T08:21:56Z 00 deferred idea=1218173707344974 host=cogame-battlecode busy=2026-09-04-battlecode-2024
2026-09-07T08:21:56Z 00 deferred idea=1218173818034076 host=cogame-battlecode busy=2026-09-04-battlecode-2024
2026-09-07T08:21:56Z 00 deferred idea=1218173707507614 host=cogame-battlecode busy=2026-09-04-battlecode-2024
2026-09-07T08:21:56Z 00 deferred idea=1218173792280294 host=cogame-battlecode busy=2026-09-04-battlecode-2024
2026-09-07T08:21:56Z heartbeat: nothing to do
2026-09-07T08:35:23Z 00 deferred idea=1218173818729631 host=cogame-battlecode busy=2026-09-04-battlecode-2024
2026-09-07T08:35:23Z 00 deferred idea=1218173707682926 host=cogame-battlecode busy=2026-09-04-battlecode-2024
2026-09-07T08:35:23Z 00 deferred idea=1218173707344974 host=cogame-battlecode busy=2026-09-04-battlecode-2024
2026-09-07T08:35:23Z 00 deferred idea=1218173818034076 host=cogame-battlecode busy=2026-09-04-battlecode-2024
2026-09-07T08:35:23Z 00 deferred idea=1218173707507614 host=cogame-battlecode busy=2026-09-04-battlecode-2024
2026-09-07T08:35:23Z 00 deferred idea=1218173792280294 host=cogame-battlecode busy=2026-09-04-battlecode-2024
2026-09-07T08:35:23Z heartbeat: nothing to do
2026-09-07T08:56:18Z 00 deferred idea=1218173818729631 host=cogame-battlecode busy=2026-09-04-battlecode-2024
2026-09-07T08:56:18Z 00 deferred idea=1218173707682926 host=cogame-battlecode busy=2026-09-04-battlecode-2024
2026-09-07T08:56:18Z 00 deferred idea=1218173707344974 host=cogame-battlecode busy=2026-09-04-battlecode-2024
2026-09-07T08:56:18Z 00 deferred idea=1218173818034076 host=cogame-battlecode busy=2026-09-04-battlecode-2024
2026-09-07T08:56:18Z 00 deferred idea=1218173707507614 host=cogame-battlecode busy=2026-09-04-battlecode-2024
2026-09-07T08:56:18Z 00 deferred idea=1218173792280294 host=cogame-battlecode busy=2026-09-04-battlecode-2024
2026-09-07T08:56:18Z heartbeat: nothing to do
2026-09-07T09:15:10Z 00 deferred idea=1218173818729631 host=cogame-battlecode busy=2026-09-04-battlecode-2024
2026-09-07T09:15:10Z 00 deferred idea=1218173707682926 host=cogame-battlecode busy=2026-09-04-battlecode-2024
2026-09-07T09:15:10Z 00 deferred idea=1218173707344974 host=cogame-battlecode busy=2026-09-04-battlecode-2024
2026-09-07T09:15:10Z 00 deferred idea=1218173818034076 host=cogame-battlecode busy=2026-09-04-battlecode-2024
2026-09-07T09:15:10Z 00 deferred idea=1218173707507614 host=cogame-battlecode busy=2026-09-04-battlecode-2024
2026-09-07T09:15:10Z 00 deferred idea=1218173792280294 host=cogame-battlecode busy=2026-09-04-battlecode-2024
2026-09-07T09:15:10Z heartbeat: nothing to do
2026-09-07T09:33:40Z 00 deferred idea=1218173818729631 host=cogame-battlecode busy=2026-09-04-battlecode-2024
2026-09-07T09:33:40Z 00 deferred idea=1218173707682926 host=cogame-battlecode busy=2026-09-04-battlecode-2024
2026-09-07T09:33:40Z 00 deferred idea=1218173707344974 host=cogame-battlecode busy=2026-09-04-battlecode-2024
2026-09-07T09:33:40Z 00 deferred idea=1218173818034076 host=cogame-battlecode busy=2026-09-04-battlecode-2024
2026-09-07T09:33:40Z 00 deferred idea=1218173707507614 host=cogame-battlecode busy=2026-09-04-battlecode-2024
2026-09-07T09:33:40Z 00 deferred idea=1218173792280294 host=cogame-battlecode busy=2026-09-04-battlecode-2024
2026-09-07T09:33:40Z heartbeat: nothing to do
2026-09-07T09:57:28Z 00 deferred idea=1218173818729631 host=cogame-battlecode busy=2026-09-04-battlecode-2024
2026-09-07T09:57:28Z 00 deferred idea=1218173707682926 host=cogame-battlecode busy=2026-09-04-battlecode-2024
2026-09-07T09:57:28Z 00 deferred idea=1218173707344974 host=cogame-battlecode busy=2026-09-04-battlecode-2024
2026-09-07T09:57:28Z 00 deferred idea=1218173818034076 host=cogame-battlecode busy=2026-09-04-battlecode-2024
2026-09-07T09:57:28Z 00 deferred idea=1218173707507614 host=cogame-battlecode busy=2026-09-04-battlecode-2024
2026-09-07T09:57:28Z 00 deferred idea=1218173792280294 host=cogame-battlecode busy=2026-09-04-battlecode-2024
2026-09-07T09:57:28Z heartbeat: nothing to do
2026-09-07T10:40:07Z 00 deferred idea=1218173818729631 host=cogame-battlecode busy=2026-09-04-battlecode-2024
2026-09-07T10:40:07Z 00 deferred idea=1218173707682926 host=cogame-battlecode busy=2026-09-04-battlecode-2024
2026-09-07T10:40:07Z 00 deferred idea=1218173707344974 host=cogame-battlecode busy=2026-09-04-battlecode-2024
2026-09-07T10:40:07Z 00 deferred idea=1218173818034076 host=cogame-battlecode busy=2026-09-04-battlecode-2024
2026-09-07T10:40:07Z 00 deferred idea=1218173707507614 host=cogame-battlecode busy=2026-09-04-battlecode-2024
2026-09-07T10:40:07Z 00 deferred idea=1218173792280294 host=cogame-battlecode busy=2026-09-04-battlecode-2024
2026-09-07T10:40:07Z heartbeat: nothing to do
2026-09-07T11:01:01Z 00 deferred idea=1218173818729631 host=cogame-battlecode busy=2026-09-04-battlecode-2024
2026-09-07T11:01:01Z 00 deferred idea=1218173707682926 host=cogame-battlecode busy=2026-09-04-battlecode-2024
2026-09-07T11:01:01Z 00 deferred idea=1218173707344974 host=cogame-battlecode busy=2026-09-04-battlecode-2024
2026-09-07T11:01:01Z 00 deferred idea=1218173818034076 host=cogame-battlecode busy=2026-09-04-battlecode-2024
2026-09-07T11:01:01Z 00 deferred idea=1218173707507614 host=cogame-battlecode busy=2026-09-04-battlecode-2024
2026-09-07T11:01:01Z 00 deferred idea=1218173792280294 host=cogame-battlecode busy=2026-09-04-battlecode-2024
2026-09-07T11:01:01Z heartbeat: nothing to do
2026-09-07T11:41:00Z heartbeat: nothing to do (6 battlecode ideas deferred: 1218173818729631 1218173707682926 1218173707344974 1218173818034076 1218173707507614 1218173792280294, host cogame-battlecode busy with 2026-09-04-battlecode-2024 live session db98fc3b; live=1/3)
2026-09-07T11:59:00Z heartbeat: nothing to do (6 battlecode ideas deferred: 1218173818729631 1218173707682926 1218173707344974 1218173818034076 1218173707507614 1218173792280294, host cogame-battlecode busy with 2026-09-04-battlecode-2024 live hb=2026-09-07T11:19:07Z session=db98fc3b; live=1/3)
2026-09-07T12:16:30Z heartbeat: nothing to do (6 battlecode ideas deferred: 1218173818729631 1218173707682926 1218173707344974 1218173818034076 1218173707507614 1218173792280294, host cogame-battlecode busy with 2026-09-04-battlecode-2024 live hb=2026-09-07T11:19:07Z session=db98fc3b; live=1/3)
2026-09-07T12:34:50Z heartbeat: nothing to do (6 battlecode ideas deferred: 1218173818729631 1218173707682926 1218173707344974 1218173818034076 1218173707507614 1218173792280294, host cogame-battlecode busy with 2026-09-04-battlecode-2024 live hb=2026-09-07T11:19:07Z session=db98fc3b; live=1/3)
2026-09-07T12:56:00Z heartbeat: nothing to do (6 battlecode ideas deferred: 1218173818729631 1218173707682926 1218173707344974 1218173818034076 1218173707507614 1218173792280294, host cogame-battlecode busy with 2026-09-04-battlecode-2024 live hb=2026-09-07T11:19:07Z session=db98fc3b; live=1/3)
2026-09-07T13:20:00Z heartbeat: nothing to do (6 battlecode ideas deferred: 1218173818729631 1218173707682926 1218173707344974 1218173818034076 1218173707507614 1218173792280294, host cogame-battlecode busy with 2026-09-04-battlecode-2024 live hb=2026-09-07T11:19:07Z session=db98fc3b; live=1/3)
2026-09-07T13:35:00Z heartbeat: nothing to do (6 battlecode ideas deferred: 1218173818729631 1218173707682926 1218173707344974 1218173818034076 1218173707507614 1218173792280294, host cogame-battlecode busy with 2026-09-04-battlecode-2024 live hb=2026-09-07T11:19:07Z session=db98fc3b; live=1/3)
2026-09-07T13:57:44Z 00 deferred idea=1218173818729631 host=cogame-battlecode busy=2026-09-04-battlecode-2024
2026-09-07T13:57:44Z 00 deferred idea=1218173707682926 host=cogame-battlecode busy=2026-09-04-battlecode-2024
2026-09-07T13:57:44Z 00 deferred idea=1218173707344974 host=cogame-battlecode busy=2026-09-04-battlecode-2024
2026-09-07T13:57:44Z 00 deferred idea=1218173818034076 host=cogame-battlecode busy=2026-09-04-battlecode-2024
2026-09-07T13:57:44Z 00 deferred idea=1218173707507614 host=cogame-battlecode busy=2026-09-04-battlecode-2024
2026-09-07T13:57:44Z 00 deferred idea=1218173792280294 host=cogame-battlecode busy=2026-09-04-battlecode-2024
2026-09-07T13:57:44Z heartbeat: nothing to do
2026-09-07T14:37:00Z 00 deferred idea=1218173818729631 host=cogame-battlecode busy=2026-09-04-battlecode-2024
2026-09-07T14:37:00Z 00 deferred idea=1218173707682926 host=cogame-battlecode busy=2026-09-04-battlecode-2024
2026-09-07T14:37:00Z 00 deferred idea=1218173707344974 host=cogame-battlecode busy=2026-09-04-battlecode-2024
2026-09-07T14:37:00Z 00 deferred idea=1218173818034076 host=cogame-battlecode busy=2026-09-04-battlecode-2024
2026-09-07T14:37:00Z 00 deferred idea=1218173707507614 host=cogame-battlecode busy=2026-09-04-battlecode-2024
2026-09-07T14:37:00Z 00 deferred idea=1218173792280294 host=cogame-battlecode busy=2026-09-04-battlecode-2024
2026-09-07T14:37:00Z heartbeat: nothing to do
2026-09-07T14:54:45Z 00 deferred idea=1218173818729631 host=cogame-battlecode busy=2026-09-04-battlecode-2024
2026-09-07T14:54:45Z 00 deferred idea=1218173707682926 host=cogame-battlecode busy=2026-09-04-battlecode-2024
2026-09-07T14:54:45Z 00 deferred idea=1218173707344974 host=cogame-battlecode busy=2026-09-04-battlecode-2024
2026-09-07T14:54:45Z 00 deferred idea=1218173818034076 host=cogame-battlecode busy=2026-09-04-battlecode-2024
2026-09-07T14:54:45Z 00 deferred idea=1218173707507614 host=cogame-battlecode busy=2026-09-04-battlecode-2024
2026-09-07T14:54:45Z 00 deferred idea=1218173792280294 host=cogame-battlecode busy=2026-09-04-battlecode-2024
2026-09-07T14:54:45Z heartbeat: nothing to do
2026-09-07T15:17:15Z 00 deferred idea=1218173818729631 host=cogame-battlecode busy=2026-09-04-battlecode-2024
2026-09-07T15:17:15Z 00 deferred idea=1218173707682926 host=cogame-battlecode busy=2026-09-04-battlecode-2024
2026-09-07T15:17:15Z 00 deferred idea=1218173707344974 host=cogame-battlecode busy=2026-09-04-battlecode-2024
2026-09-07T15:17:15Z 00 deferred idea=1218173818034076 host=cogame-battlecode busy=2026-09-04-battlecode-2024
2026-09-07T15:17:15Z 00 deferred idea=1218173707507614 host=cogame-battlecode busy=2026-09-04-battlecode-2024
2026-09-07T15:17:15Z 00 deferred idea=1218173792280294 host=cogame-battlecode busy=2026-09-04-battlecode-2024
2026-09-07T15:17:15Z heartbeat: nothing to do
2026-09-07T15:42:07Z 00 deferred idea=1218173818729631 host=cogame-battlecode busy=2026-09-04-battlecode-2024
2026-09-07T15:42:07Z 00 deferred idea=1218173707682926 host=cogame-battlecode busy=2026-09-04-battlecode-2024
2026-09-07T15:42:07Z 00 deferred idea=1218173707344974 host=cogame-battlecode busy=2026-09-04-battlecode-2024
2026-09-07T15:42:07Z 00 deferred idea=1218173818034076 host=cogame-battlecode busy=2026-09-04-battlecode-2024
2026-09-07T15:42:07Z 00 deferred idea=1218173707507614 host=cogame-battlecode busy=2026-09-04-battlecode-2024
2026-09-07T15:42:07Z 00 deferred idea=1218173792280294 host=cogame-battlecode busy=2026-09-04-battlecode-2024
2026-09-07T15:42:07Z heartbeat: nothing to do
2026-09-07T15:56:12Z 00 deferred idea=1218173818729631 host=cogame-battlecode busy=2026-09-04-battlecode-2024
2026-09-07T15:56:12Z 00 deferred idea=1218173707682926 host=cogame-battlecode busy=2026-09-04-battlecode-2024
2026-09-07T15:56:12Z 00 deferred idea=1218173707344974 host=cogame-battlecode busy=2026-09-04-battlecode-2024
2026-09-07T15:56:12Z 00 deferred idea=1218173818034076 host=cogame-battlecode busy=2026-09-04-battlecode-2024
2026-09-07T15:56:12Z 00 deferred idea=1218173707507614 host=cogame-battlecode busy=2026-09-04-battlecode-2024
2026-09-07T15:56:12Z 00 deferred idea=1218173792280294 host=cogame-battlecode busy=2026-09-04-battlecode-2024
2026-09-07T15:56:12Z heartbeat: nothing to do
2026-09-07T16:17:37Z 00 deferred idea=1218173818729631 host=cogame-battlecode busy=2026-09-04-battlecode-2024
2026-09-07T16:17:37Z 00 deferred idea=1218173707682926 host=cogame-battlecode busy=2026-09-04-battlecode-2024
2026-09-07T16:17:37Z 00 deferred idea=1218173707344974 host=cogame-battlecode busy=2026-09-04-battlecode-2024
2026-09-07T16:17:37Z 00 deferred idea=1218173818034076 host=cogame-battlecode busy=2026-09-04-battlecode-2024
2026-09-07T16:17:37Z 00 deferred idea=1218173707507614 host=cogame-battlecode busy=2026-09-04-battlecode-2024
2026-09-07T16:17:37Z 00 deferred idea=1218173792280294 host=cogame-battlecode busy=2026-09-04-battlecode-2024
2026-09-07T16:17:37Z heartbeat: nothing to do
2026-09-07T16:37:53Z 00 deferred idea=1218173818729631 host=cogame-battlecode busy=2026-09-04-battlecode-2024
2026-09-07T16:37:53Z 00 deferred idea=1218173707682926 host=cogame-battlecode busy=2026-09-04-battlecode-2024
2026-09-07T16:37:53Z 00 deferred idea=1218173707344974 host=cogame-battlecode busy=2026-09-04-battlecode-2024
2026-09-07T16:37:53Z 00 deferred idea=1218173818034076 host=cogame-battlecode busy=2026-09-04-battlecode-2024
2026-09-07T16:37:53Z 00 deferred idea=1218173707507614 host=cogame-battlecode busy=2026-09-04-battlecode-2024
2026-09-07T16:37:53Z 00 deferred idea=1218173792280294 host=cogame-battlecode busy=2026-09-04-battlecode-2024
2026-09-07T16:37:53Z heartbeat: nothing to do
2026-09-07T17:01:30Z 00 deferred idea=1218173818729631 host=cogame-battlecode busy=2026-09-04-battlecode-2024
2026-09-07T17:01:30Z 00 deferred idea=1218173707682926 host=cogame-battlecode busy=2026-09-04-battlecode-2024
2026-09-07T17:01:30Z 00 deferred idea=1218173707344974 host=cogame-battlecode busy=2026-09-04-battlecode-2024
2026-09-07T17:01:30Z 00 deferred idea=1218173818034076 host=cogame-battlecode busy=2026-09-04-battlecode-2024
2026-09-07T17:01:30Z 00 deferred idea=1218173707507614 host=cogame-battlecode busy=2026-09-04-battlecode-2024
2026-09-07T17:01:30Z 00 deferred idea=1218173792280294 host=cogame-battlecode busy=2026-09-04-battlecode-2024
2026-09-07T17:01:30Z heartbeat: nothing to do
2026-09-07T17:14:41Z 00 deferred idea=1218173818729631 host=cogame-battlecode busy=2026-09-04-battlecode-2024
2026-09-07T17:14:41Z 00 deferred idea=1218173707682926 host=cogame-battlecode busy=2026-09-04-battlecode-2024
2026-09-07T17:14:41Z 00 deferred idea=1218173707344974 host=cogame-battlecode busy=2026-09-04-battlecode-2024
2026-09-07T17:14:41Z 00 deferred idea=1218173818034076 host=cogame-battlecode busy=2026-09-04-battlecode-2024
2026-09-07T17:14:41Z 00 deferred idea=1218173707507614 host=cogame-battlecode busy=2026-09-04-battlecode-2024
2026-09-07T17:14:41Z 00 deferred idea=1218173792280294 host=cogame-battlecode busy=2026-09-04-battlecode-2024
2026-09-07T17:14:41Z heartbeat: nothing to do
2026-09-07T18:20:36Z 00 probe run=2026-09-04-battlecode-2024 result=fail
2026-09-07T18:20:36Z 00 deferred idea=1218173707682926 host=cogame-battlecode busy=2026-09-07-battlecode-2025
2026-09-07T18:20:36Z 00 deferred idea=1218173707344974 host=cogame-battlecode busy=2026-09-07-battlecode-2025
2026-09-07T18:20:36Z 00 deferred idea=1218173818034076 host=cogame-battlecode busy=2026-09-07-battlecode-2025
2026-09-07T18:20:36Z 00 deferred idea=1218173707507614 host=cogame-battlecode busy=2026-09-07-battlecode-2025
2026-09-07T18:20:36Z 00 deferred idea=1218173792280294 host=cogame-battlecode busy=2026-09-07-battlecode-2025
2026-09-07T18:20:36Z heartbeat: nothing to do
2026-09-07T18:40:07Z 00 probe run=2026-09-04-battlecode-2024 result=fail
2026-09-07T18:40:07Z 00 deferred idea=1218173707682926 host=cogame-battlecode busy=2026-09-07-battlecode-2025
2026-09-07T18:40:07Z 00 deferred idea=1218173707344974 host=cogame-battlecode busy=2026-09-07-battlecode-2025
2026-09-07T18:40:07Z 00 deferred idea=1218173818034076 host=cogame-battlecode busy=2026-09-07-battlecode-2025
2026-09-07T18:40:07Z 00 deferred idea=1218173707507614 host=cogame-battlecode busy=2026-09-07-battlecode-2025
2026-09-07T18:40:07Z 00 deferred idea=1218173792280294 host=cogame-battlecode busy=2026-09-07-battlecode-2025
2026-09-07T18:40:07Z heartbeat: nothing to do
2026-09-07T19:00:40Z 00 probe run=2026-09-04-battlecode-2024 result=fail
2026-09-07T19:00:40Z 00 deferred idea=1218173707682926 host=cogame-battlecode busy=2026-09-07-battlecode-2025
2026-09-07T19:00:40Z 00 deferred idea=1218173707344974 host=cogame-battlecode busy=2026-09-07-battlecode-2025
2026-09-07T19:00:40Z 00 deferred idea=1218173818034076 host=cogame-battlecode busy=2026-09-07-battlecode-2025
2026-09-07T19:00:40Z 00 deferred idea=1218173707507614 host=cogame-battlecode busy=2026-09-07-battlecode-2025
2026-09-07T19:00:40Z 00 deferred idea=1218173792280294 host=cogame-battlecode busy=2026-09-07-battlecode-2025
2026-09-07T19:00:40Z heartbeat: nothing to do
2026-09-07T19:16:23Z 00 probe run=2026-09-04-battlecode-2024 result=fail
2026-09-07T19:16:23Z 00 deferred idea=1218173707682926 host=cogame-battlecode busy=2026-09-07-battlecode-2025
2026-09-07T19:16:23Z 00 deferred idea=1218173707344974 host=cogame-battlecode busy=2026-09-07-battlecode-2025
2026-09-07T19:16:23Z 00 deferred idea=1218173818034076 host=cogame-battlecode busy=2026-09-07-battlecode-2025
2026-09-07T19:16:23Z 00 deferred idea=1218173707507614 host=cogame-battlecode busy=2026-09-07-battlecode-2025
2026-09-07T19:16:23Z 00 deferred idea=1218173792280294 host=cogame-battlecode busy=2026-09-07-battlecode-2025
2026-09-07T19:16:23Z heartbeat: nothing to do
2026-09-07T19:34:26Z 00 probe run=2026-09-04-battlecode-2024 result=fail
2026-09-07T19:34:26Z 00 deferred idea=1218173707682926 host=cogame-battlecode busy=2026-09-07-battlecode-2025
2026-09-07T19:34:26Z 00 deferred idea=1218173707344974 host=cogame-battlecode busy=2026-09-07-battlecode-2025
2026-09-07T19:34:26Z 00 deferred idea=1218173818034076 host=cogame-battlecode busy=2026-09-07-battlecode-2025
2026-09-07T19:34:26Z 00 deferred idea=1218173707507614 host=cogame-battlecode busy=2026-09-07-battlecode-2025
2026-09-07T19:34:26Z 00 deferred idea=1218173792280294 host=cogame-battlecode busy=2026-09-07-battlecode-2025
2026-09-07T19:34:26Z heartbeat: nothing to do
2026-09-07T20:00:51Z 00 probe run=2026-09-04-battlecode-2024 result=fail
2026-09-07T20:00:51Z 00 deferred idea=1218173707682926 host=cogame-battlecode busy=2026-09-07-battlecode-2025
2026-09-07T20:00:51Z 00 deferred idea=1218173707344974 host=cogame-battlecode busy=2026-09-07-battlecode-2025
2026-09-07T20:00:51Z 00 deferred idea=1218173818034076 host=cogame-battlecode busy=2026-09-07-battlecode-2025
2026-09-07T20:00:51Z 00 deferred idea=1218173707507614 host=cogame-battlecode busy=2026-09-07-battlecode-2025
2026-09-07T20:00:51Z 00 deferred idea=1218173792280294 host=cogame-battlecode busy=2026-09-07-battlecode-2025
2026-09-07T20:00:51Z heartbeat: nothing to do
2026-09-07T20:16:12Z 00 deferred idea=1218173707682926 host=cogame-battlecode busy=2026-09-07-battlecode-2025
2026-09-07T20:16:12Z 00 deferred idea=1218173707344974 host=cogame-battlecode busy=2026-09-07-battlecode-2025
2026-09-07T20:16:12Z 00 deferred idea=1218173818034076 host=cogame-battlecode busy=2026-09-07-battlecode-2025
2026-09-07T20:16:12Z 00 deferred idea=1218173707507614 host=cogame-battlecode busy=2026-09-07-battlecode-2025
2026-09-07T20:16:12Z 00 deferred idea=1218173792280294 host=cogame-battlecode busy=2026-09-07-battlecode-2025
2026-09-07T20:16:12Z heartbeat: nothing to do
2026-09-07T20:37:04Z 00 probe run=2026-09-04-battlecode-2024 result=fail
2026-09-07T20:37:04Z 00 deferred idea=1218173707682926 host=cogame-battlecode busy=2026-09-07-battlecode-2025
2026-09-07T20:37:04Z 00 deferred idea=1218173707344974 host=cogame-battlecode busy=2026-09-07-battlecode-2025
2026-09-07T20:37:04Z 00 deferred idea=1218173818034076 host=cogame-battlecode busy=2026-09-07-battlecode-2025
2026-09-07T20:37:04Z 00 deferred idea=1218173707507614 host=cogame-battlecode busy=2026-09-07-battlecode-2025
2026-09-07T20:37:04Z 00 deferred idea=1218173792280294 host=cogame-battlecode busy=2026-09-07-battlecode-2025
2026-09-07T20:37:04Z heartbeat: nothing to do
2026-09-07T21:00:11Z 00 probe run=2026-09-04-battlecode-2024 result=fail
2026-09-07T21:00:11Z 00 deferred idea=1218173707682926 host=cogame-battlecode busy=2026-09-07-battlecode-2025
2026-09-07T21:00:11Z 00 deferred idea=1218173707344974 host=cogame-battlecode busy=2026-09-07-battlecode-2025
2026-09-07T21:00:11Z 00 deferred idea=1218173818034076 host=cogame-battlecode busy=2026-09-07-battlecode-2025
2026-09-07T21:00:11Z 00 deferred idea=1218173707507614 host=cogame-battlecode busy=2026-09-07-battlecode-2025
2026-09-07T21:00:11Z 00 deferred idea=1218173792280294 host=cogame-battlecode busy=2026-09-07-battlecode-2025
2026-09-07T21:00:11Z heartbeat: nothing to do
2026-09-07T21:35:07Z heartbeat: nothing to do (1 live bc25 fresh, 1 blocked probe fail, 5 battlecode mods deferred: bc23 bc22 bc16 bc19 bc17 host cogame-battlecode busy with 2026-09-07-battlecode-2025)
2026-09-07T21:57:54Z 00 probe run=2026-09-04-battlecode-2024 result=fail
2026-09-07T21:57:54Z 00 deferred idea=1218173707682926 host=cogame-battlecode busy=2026-09-07-battlecode-2025
2026-09-07T21:57:54Z 00 deferred idea=1218173707344974 host=cogame-battlecode busy=2026-09-07-battlecode-2025
2026-09-07T21:57:54Z 00 deferred idea=1218173818034076 host=cogame-battlecode busy=2026-09-07-battlecode-2025
2026-09-07T21:57:54Z 00 deferred idea=1218173707507614 host=cogame-battlecode busy=2026-09-07-battlecode-2025
2026-09-07T21:57:54Z 00 deferred idea=1218173792280294 host=cogame-battlecode busy=2026-09-07-battlecode-2025
2026-09-07T21:57:54Z heartbeat: nothing to do
2026-09-07T22:19:01Z 00 probe run=2026-09-04-battlecode-2024 result=fail
2026-09-07T22:19:01Z 00 deferred idea=1218173707682926 host=cogame-battlecode busy=2026-09-07-battlecode-2025
2026-09-07T22:19:01Z 00 deferred idea=1218173707344974 host=cogame-battlecode busy=2026-09-07-battlecode-2025
2026-09-07T22:19:01Z 00 deferred idea=1218173818034076 host=cogame-battlecode busy=2026-09-07-battlecode-2025
2026-09-07T22:19:01Z 00 deferred idea=1218173707507614 host=cogame-battlecode busy=2026-09-07-battlecode-2025
2026-09-07T22:19:01Z 00 deferred idea=1218173792280294 host=cogame-battlecode busy=2026-09-07-battlecode-2025
2026-09-07T22:19:01Z heartbeat: nothing to do
2026-09-07T22:36:48Z 00 probe run=2026-09-04-battlecode-2024 result=fail
2026-09-07T22:36:48Z 00 deferred idea=1218173707682926 host=cogame-battlecode busy=2026-09-07-battlecode-2025
2026-09-07T22:36:48Z 00 deferred idea=1218173707344974 host=cogame-battlecode busy=2026-09-07-battlecode-2025
2026-09-07T22:36:48Z 00 deferred idea=1218173818034076 host=cogame-battlecode busy=2026-09-07-battlecode-2025
2026-09-07T22:36:48Z 00 deferred idea=1218173707507614 host=cogame-battlecode busy=2026-09-07-battlecode-2025
2026-09-07T22:36:48Z 00 deferred idea=1218173792280294 host=cogame-battlecode busy=2026-09-07-battlecode-2025
2026-09-07T22:36:48Z heartbeat: nothing to do
2026-09-07T22:54:39Z 00 probe run=2026-09-04-battlecode-2024 result=fail
2026-09-07T22:54:39Z 00 deferred idea=1218173707682926 host=cogame-battlecode busy=2026-09-07-battlecode-2025
2026-09-07T22:54:39Z 00 deferred idea=1218173707344974 host=cogame-battlecode busy=2026-09-07-battlecode-2025
2026-09-07T22:54:39Z 00 deferred idea=1218173818034076 host=cogame-battlecode busy=2026-09-07-battlecode-2025
2026-09-07T22:54:39Z 00 deferred idea=1218173707507614 host=cogame-battlecode busy=2026-09-07-battlecode-2025
2026-09-07T22:54:39Z 00 deferred idea=1218173792280294 host=cogame-battlecode busy=2026-09-07-battlecode-2025
2026-09-07T22:54:39Z heartbeat: nothing to do
2026-09-07T23:21:19Z 00 probe run=2026-09-04-battlecode-2024 result=fail
2026-09-07T23:21:19Z 00 deferred idea=1218173707682926 host=cogame-battlecode busy=2026-09-07-battlecode-2025
2026-09-07T23:21:19Z 00 deferred idea=1218173707344974 host=cogame-battlecode busy=2026-09-07-battlecode-2025
2026-09-07T23:21:19Z 00 deferred idea=1218173818034076 host=cogame-battlecode busy=2026-09-07-battlecode-2025
2026-09-07T23:21:19Z 00 deferred idea=1218173707507614 host=cogame-battlecode busy=2026-09-07-battlecode-2025
2026-09-07T23:21:19Z 00 deferred idea=1218173792280294 host=cogame-battlecode busy=2026-09-07-battlecode-2025
2026-09-07T23:21:19Z heartbeat: nothing to do
2026-09-07T23:34:27Z 00 probe run=2026-09-04-battlecode-2024 result=fail
2026-09-07T23:34:27Z 00 deferred idea=1218173707682926 host=cogame-battlecode busy=2026-09-07-battlecode-2025
2026-09-07T23:34:27Z 00 deferred idea=1218173707344974 host=cogame-battlecode busy=2026-09-07-battlecode-2025
2026-09-07T23:34:27Z 00 deferred idea=1218173818034076 host=cogame-battlecode busy=2026-09-07-battlecode-2025
2026-09-07T23:34:27Z 00 deferred idea=1218173707507614 host=cogame-battlecode busy=2026-09-07-battlecode-2025
2026-09-07T23:34:27Z 00 deferred idea=1218173792280294 host=cogame-battlecode busy=2026-09-07-battlecode-2025
2026-09-07T23:34:27Z heartbeat: nothing to do
2026-09-07T23:54:07Z 00 probe run=2026-09-04-battlecode-2024 result=fail
2026-09-07T23:54:07Z 00 deferred idea=1218173707682926 host=cogame-battlecode busy=2026-09-07-battlecode-2025
2026-09-07T23:54:07Z 00 deferred idea=1218173707344974 host=cogame-battlecode busy=2026-09-07-battlecode-2025
2026-09-07T23:54:07Z 00 deferred idea=1218173818034076 host=cogame-battlecode busy=2026-09-07-battlecode-2025
2026-09-07T23:54:07Z 00 deferred idea=1218173707507614 host=cogame-battlecode busy=2026-09-07-battlecode-2025
2026-09-07T23:54:07Z 00 deferred idea=1218173792280294 host=cogame-battlecode busy=2026-09-07-battlecode-2025
2026-09-07T23:54:07Z heartbeat: nothing to do
2026-09-08T00:16:44Z 00 probe run=2026-09-04-battlecode-2024 result=fail
2026-09-08T00:16:44Z 00 deferred idea=1218173707682926 host=cogame-battlecode busy=2026-09-07-battlecode-2025
2026-09-08T00:16:44Z 00 deferred idea=1218173707344974 host=cogame-battlecode busy=2026-09-07-battlecode-2025
2026-09-08T00:16:44Z 00 deferred idea=1218173818034076 host=cogame-battlecode busy=2026-09-07-battlecode-2025
2026-09-08T00:16:44Z 00 deferred idea=1218173707507614 host=cogame-battlecode busy=2026-09-07-battlecode-2025
2026-09-08T00:16:44Z 00 deferred idea=1218173792280294 host=cogame-battlecode busy=2026-09-07-battlecode-2025
2026-09-08T00:16:44Z heartbeat: nothing to do
2026-09-08T00:39:37Z heartbeat: nothing to do
2026-09-08T00:39:37Z 00 probe run=2026-09-04-battlecode-2024 result=fail
2026-09-08T00:39:37Z 00 deferred idea=1218173707682926 host=cogame-battlecode busy=2026-09-07-battlecode-2025
2026-09-08T00:39:37Z 00 deferred idea=1218173707344974 host=cogame-battlecode busy=2026-09-07-battlecode-2025
2026-09-08T00:39:37Z 00 deferred idea=1218173818034076 host=cogame-battlecode busy=2026-09-07-battlecode-2025
2026-09-08T00:39:37Z 00 deferred idea=1218173707507614 host=cogame-battlecode busy=2026-09-07-battlecode-2025
2026-09-08T00:39:37Z 00 deferred idea=1218173792280294 host=cogame-battlecode busy=2026-09-07-battlecode-2025
2026-09-08T01:00:44Z 00 probe run=2026-09-04-battlecode-2024 result=fail
2026-09-08T01:00:44Z 00 deferred idea=1218173707682926 host=cogame-battlecode busy=2026-09-07-battlecode-2025
2026-09-08T01:00:44Z 00 deferred idea=1218173707344974 host=cogame-battlecode busy=2026-09-07-battlecode-2025
2026-09-08T01:00:44Z 00 deferred idea=1218173818034076 host=cogame-battlecode busy=2026-09-07-battlecode-2025
2026-09-08T01:00:44Z 00 deferred idea=1218173707507614 host=cogame-battlecode busy=2026-09-07-battlecode-2025
2026-09-08T01:00:44Z 00 deferred idea=1218173792280294 host=cogame-battlecode busy=2026-09-07-battlecode-2025
2026-09-08T01:00:44Z heartbeat: nothing to do
2026-09-08T01:36:44Z heartbeat: nothing to do
2026-09-08T01:58:38Z 00 probe run=2026-09-04-battlecode-2024 result=fail
2026-09-08T01:58:38Z 00 deferred idea=1218173707682926 host=cogame-battlecode busy=2026-09-07-battlecode-2025
2026-09-08T01:58:38Z 00 deferred idea=1218173707344974 host=cogame-battlecode busy=2026-09-07-battlecode-2025
2026-09-08T01:58:38Z 00 deferred idea=1218173818034076 host=cogame-battlecode busy=2026-09-07-battlecode-2025
2026-09-08T01:58:38Z 00 deferred idea=1218173707507614 host=cogame-battlecode busy=2026-09-07-battlecode-2025
2026-09-08T01:58:38Z 00 deferred idea=1218173792280294 host=cogame-battlecode busy=2026-09-07-battlecode-2025
2026-09-08T01:58:38Z heartbeat: nothing to do
2026-09-08T02:14:08Z 00 probe run=2026-09-04-battlecode-2024 result=fail
2026-09-08T02:14:08Z 00 deferred idea=1218173707682926 host=cogame-battlecode busy=2026-09-07-battlecode-2025
2026-09-08T02:14:08Z 00 deferred idea=1218173707344974 host=cogame-battlecode busy=2026-09-07-battlecode-2025
2026-09-08T02:14:08Z 00 deferred idea=1218173818034076 host=cogame-battlecode busy=2026-09-07-battlecode-2025
2026-09-08T02:14:08Z 00 deferred idea=1218173707507614 host=cogame-battlecode busy=2026-09-07-battlecode-2025
2026-09-08T02:14:08Z 00 deferred idea=1218173792280294 host=cogame-battlecode busy=2026-09-07-battlecode-2025
2026-09-08T02:14:08Z heartbeat: nothing to do
2026-09-08T02:38:48Z 00 probe run=2026-09-04-battlecode-2024 result=fail
2026-09-08T02:38:48Z 00 deferred idea=1218173707682926 host=cogame-battlecode busy=2026-09-07-battlecode-2025
2026-09-08T02:38:48Z 00 deferred idea=1218173707344974 host=cogame-battlecode busy=2026-09-07-battlecode-2025
2026-09-08T02:38:48Z 00 deferred idea=1218173818034076 host=cogame-battlecode busy=2026-09-07-battlecode-2025
2026-09-08T02:38:48Z 00 deferred idea=1218173707507614 host=cogame-battlecode busy=2026-09-07-battlecode-2025
2026-09-08T02:38:48Z 00 deferred idea=1218173792280294 host=cogame-battlecode busy=2026-09-07-battlecode-2025
2026-09-08T02:38:48Z heartbeat: nothing to do
2026-09-08T03:00:26Z 00 probe run=2026-09-04-battlecode-2024 result=fail
2026-09-08T03:00:26Z 00 deferred idea=1218173707682926 host=cogame-battlecode busy=2026-09-07-battlecode-2025
2026-09-08T03:00:26Z 00 deferred idea=1218173707344974 host=cogame-battlecode busy=2026-09-07-battlecode-2025
2026-09-08T03:00:26Z 00 deferred idea=1218173818034076 host=cogame-battlecode busy=2026-09-07-battlecode-2025
2026-09-08T03:00:26Z 00 deferred idea=1218173707507614 host=cogame-battlecode busy=2026-09-07-battlecode-2025
2026-09-08T03:00:26Z 00 deferred idea=1218173792280294 host=cogame-battlecode busy=2026-09-07-battlecode-2025
2026-09-08T03:00:26Z heartbeat: nothing to do
2026-09-08T03:18:19Z 00 deferred idea=1218173707682926 host=cogame-battlecode busy=2026-09-07-battlecode-2025
2026-09-08T03:18:19Z 00 deferred idea=1218173707344974 host=cogame-battlecode busy=2026-09-07-battlecode-2025
2026-09-08T03:18:19Z 00 deferred idea=1218173818034076 host=cogame-battlecode busy=2026-09-07-battlecode-2025
2026-09-08T03:18:19Z 00 deferred idea=1218173707507614 host=cogame-battlecode busy=2026-09-07-battlecode-2025
2026-09-08T03:18:19Z 00 deferred idea=1218173792280294 host=cogame-battlecode busy=2026-09-07-battlecode-2025
2026-09-08T03:18:19Z 00 probe run=2026-09-04-battlecode-2024 result=fail
2026-09-08T03:18:19Z heartbeat: nothing to do
2026-09-08T03:41:32Z yield run=2026-09-07-battlecode-2025 session=a0703eb3 lost resume race to session=241923eb (my heartbeat went stale during a 5h builder thread; foreign session resumed 01:22Z, its heartbeat_at 03:32:53Z is past my 03:18:46Z stamp) — my r1 reviewer output (thread sthr_01FijKdzar7n4dKoayEUbN7Q, 9 findings) set aside as superseded by owner's r1-review.md; exiting with no further writes to the run
2026-09-08T03:40:00Z heartbeat: nothing to do (live=1/3 battlecode-2025 fresh; battlecode-2024 blocked, probe fail, subtask 1218245497860470 open; 5 battlecode ideas deferred host=cogame-battlecode busy=2026-09-07-battlecode-2025)
2026-09-08T03:58:49Z 00 probe run=2026-09-04-battlecode-2024 result=fail
2026-09-08T03:58:49Z 00 deferred idea=1218173707682926 host=cogame-battlecode busy=2026-09-07-battlecode-2025
2026-09-08T03:58:49Z 00 deferred idea=1218173707344974 host=cogame-battlecode busy=2026-09-07-battlecode-2025
2026-09-08T03:58:49Z 00 deferred idea=1218173818034076 host=cogame-battlecode busy=2026-09-07-battlecode-2025
2026-09-08T03:58:49Z 00 deferred idea=1218173707507614 host=cogame-battlecode busy=2026-09-07-battlecode-2025
2026-09-08T03:58:49Z 00 deferred idea=1218173792280294 host=cogame-battlecode busy=2026-09-07-battlecode-2025
2026-09-08T03:58:49Z heartbeat: nothing to do
2026-09-08T04:15:31Z 00 probe run=2026-09-04-battlecode-2024 result=fail
2026-09-08T04:15:31Z 00 deferred idea=1218173707682926 host=cogame-battlecode busy=2026-09-07-battlecode-2025
2026-09-08T04:15:31Z 00 deferred idea=1218173707344974 host=cogame-battlecode busy=2026-09-07-battlecode-2025
2026-09-08T04:15:31Z 00 deferred idea=1218173818034076 host=cogame-battlecode busy=2026-09-07-battlecode-2025
2026-09-08T04:15:31Z 00 deferred idea=1218173707507614 host=cogame-battlecode busy=2026-09-07-battlecode-2025
2026-09-08T04:15:31Z 00 deferred idea=1218173792280294 host=cogame-battlecode busy=2026-09-07-battlecode-2025
2026-09-08T04:15:31Z heartbeat: nothing to do
2026-09-08T04:42:46Z heartbeat: nothing to do
2026-09-08T04:42:46Z 00 probe run=2026-09-04-battlecode-2024 result=fail
2026-09-08T04:42:46Z 00 deferred idea=1218173707682926 host=cogame-battlecode busy=2026-09-07-battlecode-2025
2026-09-08T04:42:46Z 00 deferred idea=1218173707344974 host=cogame-battlecode busy=2026-09-07-battlecode-2025
2026-09-08T04:42:46Z 00 deferred idea=1218173818034076 host=cogame-battlecode busy=2026-09-07-battlecode-2025
2026-09-08T04:42:46Z 00 deferred idea=1218173707507614 host=cogame-battlecode busy=2026-09-07-battlecode-2025
2026-09-08T04:42:46Z 00 deferred idea=1218173792280294 host=cogame-battlecode busy=2026-09-07-battlecode-2025
2026-09-08T04:55:58Z 00 probe run=2026-09-04-battlecode-2024 result=fail
2026-09-08T04:55:58Z 00 deferred idea=1218173707682926 host=cogame-battlecode busy=2026-09-07-battlecode-2025
2026-09-08T04:55:58Z 00 deferred idea=1218173707344974 host=cogame-battlecode busy=2026-09-07-battlecode-2025
2026-09-08T04:55:58Z 00 deferred idea=1218173818034076 host=cogame-battlecode busy=2026-09-07-battlecode-2025
2026-09-08T04:55:58Z 00 deferred idea=1218173707507614 host=cogame-battlecode busy=2026-09-07-battlecode-2025
2026-09-08T04:55:58Z 00 deferred idea=1218173792280294 host=cogame-battlecode busy=2026-09-07-battlecode-2025
2026-09-08T04:55:58Z heartbeat: nothing to do
2026-09-08T05:14:29Z 00 probe run=2026-09-04-battlecode-2024 result=fail
2026-09-08T05:14:29Z 00 deferred idea=1218173707682926 host=cogame-battlecode busy=2026-09-07-battlecode-2025
2026-09-08T05:14:29Z 00 deferred idea=1218173707344974 host=cogame-battlecode busy=2026-09-07-battlecode-2025
2026-09-08T05:14:29Z 00 deferred idea=1218173818034076 host=cogame-battlecode busy=2026-09-07-battlecode-2025
2026-09-08T05:14:29Z 00 deferred idea=1218173707507614 host=cogame-battlecode busy=2026-09-07-battlecode-2025
2026-09-08T05:14:29Z 00 deferred idea=1218173792280294 host=cogame-battlecode busy=2026-09-07-battlecode-2025
2026-09-08T05:14:29Z heartbeat: nothing to do
2026-09-08T05:37:35Z heartbeat: nothing to do (live=1/3 battlecode-2025 fresh hb=05:33:15Z; battlecode-2024 blocked probe fail subtask 1218245497860470 open; deferred ideas 1218173707682926,1218173707344974,1218173818034076,1218173707507614,1218173792280294 host=cogame-battlecode busy=2026-09-07-battlecode-2025)
2026-09-08T05:57:57Z 00 probe run=2026-09-04-battlecode-2024 result=fail
2026-09-08T05:57:57Z 00 deferred idea=1218173707682926 host=cogame-battlecode busy=2026-09-07-battlecode-2025
2026-09-08T05:57:57Z 00 deferred idea=1218173707344974 host=cogame-battlecode busy=2026-09-07-battlecode-2025
2026-09-08T05:57:57Z 00 deferred idea=1218173818034076 host=cogame-battlecode busy=2026-09-07-battlecode-2025
2026-09-08T05:57:57Z 00 deferred idea=1218173707507614 host=cogame-battlecode busy=2026-09-07-battlecode-2025
2026-09-08T05:57:57Z 00 deferred idea=1218173792280294 host=cogame-battlecode busy=2026-09-07-battlecode-2025
2026-09-08T05:57:57Z heartbeat: nothing to do
2026-09-08T06:38:59Z 00 probe run=2026-09-04-battlecode-2024 result=fail
2026-09-08T06:38:59Z 00 deferred idea=1218173707344974 host=cogame-battlecode busy=2026-09-08-battlecode-2023
2026-09-08T06:38:59Z 00 deferred idea=1218173818034076 host=cogame-battlecode busy=2026-09-08-battlecode-2023
2026-09-08T06:38:59Z 00 deferred idea=1218173707507614 host=cogame-battlecode busy=2026-09-08-battlecode-2023
2026-09-08T06:38:59Z 00 deferred idea=1218173792280294 host=cogame-battlecode busy=2026-09-08-battlecode-2023
2026-09-08T06:38:59Z heartbeat: nothing to do
2026-09-08T06:57:37Z 00 probe run=2026-09-04-battlecode-2024 result=fail
2026-09-08T06:57:37Z 00 deferred idea=1218173707344974 host=cogame-battlecode busy=2026-09-08-battlecode-2023
2026-09-08T06:57:37Z 00 deferred idea=1218173818034076 host=cogame-battlecode busy=2026-09-08-battlecode-2023
2026-09-08T06:57:37Z 00 deferred idea=1218173707507614 host=cogame-battlecode busy=2026-09-08-battlecode-2023
2026-09-08T06:57:37Z 00 deferred idea=1218173792280294 host=cogame-battlecode busy=2026-09-08-battlecode-2023
2026-09-08T06:57:37Z heartbeat: nothing to do
2026-09-08T07:20:08Z 00 probe run=2026-09-04-battlecode-2024 result=fail
2026-09-08T07:20:08Z 00 deferred idea=1218173707344974 host=cogame-battlecode busy=2026-09-08-battlecode-2023
2026-09-08T07:20:08Z 00 deferred idea=1218173818034076 host=cogame-battlecode busy=2026-09-08-battlecode-2023
2026-09-08T07:20:08Z 00 deferred idea=1218173707507614 host=cogame-battlecode busy=2026-09-08-battlecode-2023
2026-09-08T07:20:08Z 00 deferred idea=1218173792280294 host=cogame-battlecode busy=2026-09-08-battlecode-2023
2026-09-08T07:20:08Z heartbeat: nothing to do
2026-09-08T07:36:12Z 00 probe run=2026-09-04-battlecode-2024 result=fail
2026-09-08T07:36:12Z 00 deferred idea=1218173707344974 host=cogame-battlecode busy=2026-09-08-battlecode-2023
2026-09-08T07:36:12Z 00 deferred idea=1218173818034076 host=cogame-battlecode busy=2026-09-08-battlecode-2023
2026-09-08T07:36:12Z 00 deferred idea=1218173707507614 host=cogame-battlecode busy=2026-09-08-battlecode-2023
2026-09-08T07:36:12Z 00 deferred idea=1218173792280294 host=cogame-battlecode busy=2026-09-08-battlecode-2023
2026-09-08T07:36:12Z heartbeat: nothing to do
2026-09-08T07:58:34Z 00 probe run=2026-09-04-battlecode-2024 result=fail
2026-09-08T07:58:34Z 00 deferred idea=1218173707344974 host=cogame-battlecode busy=2026-09-08-battlecode-2023
2026-09-08T07:58:34Z 00 deferred idea=1218173818034076 host=cogame-battlecode busy=2026-09-08-battlecode-2023
2026-09-08T07:58:34Z 00 deferred idea=1218173707507614 host=cogame-battlecode busy=2026-09-08-battlecode-2023
2026-09-08T07:58:34Z 00 deferred idea=1218173792280294 host=cogame-battlecode busy=2026-09-08-battlecode-2023
2026-09-08T07:58:34Z heartbeat: nothing to do
2026-09-08T08:15:22Z 00 deferred idea=1218173707344974 host=cogame-battlecode busy=2026-09-08-battlecode-2023
2026-09-08T08:15:22Z 00 deferred idea=1218173818034076 host=cogame-battlecode busy=2026-09-08-battlecode-2023
2026-09-08T08:15:22Z 00 deferred idea=1218173707507614 host=cogame-battlecode busy=2026-09-08-battlecode-2023
2026-09-08T08:15:22Z 00 deferred idea=1218173792280294 host=cogame-battlecode busy=2026-09-08-battlecode-2023
2026-09-08T08:15:22Z heartbeat: nothing to do
2026-09-08T08:35:17Z 00 probe run=2026-09-04-battlecode-2024 result=fail
2026-09-08T08:35:17Z 00 deferred idea=1218173707344974 host=cogame-battlecode busy=2026-09-08-battlecode-2023
2026-09-08T08:35:17Z 00 deferred idea=1218173818034076 host=cogame-battlecode busy=2026-09-08-battlecode-2023
2026-09-08T08:35:17Z 00 deferred idea=1218173707507614 host=cogame-battlecode busy=2026-09-08-battlecode-2023
2026-09-08T08:35:17Z 00 deferred idea=1218173792280294 host=cogame-battlecode busy=2026-09-08-battlecode-2023
2026-09-08T08:35:17Z heartbeat: nothing to do
2026-09-08T09:00:00Z 00 probe run=2026-09-04-battlecode-2024 result=fail
2026-09-08T09:00:00Z 00 deferred idea=1218173707344974 host=cogame-battlecode busy=2026-09-08-battlecode-2023
2026-09-08T09:00:00Z 00 deferred idea=1218173818034076 host=cogame-battlecode busy=2026-09-08-battlecode-2023
2026-09-08T09:00:00Z 00 deferred idea=1218173707507614 host=cogame-battlecode busy=2026-09-08-battlecode-2023
2026-09-08T09:00:00Z 00 deferred idea=1218173792280294 host=cogame-battlecode busy=2026-09-08-battlecode-2023
2026-09-08T09:00:00Z heartbeat: nothing to do
2026-09-08T09:16:15Z 00 probe run=2026-09-04-battlecode-2024 result=fail
2026-09-08T09:16:15Z 00 deferred idea=1218173707344974 host=cogame-battlecode busy=2026-09-08-battlecode-2023
2026-09-08T09:16:15Z 00 deferred idea=1218173818034076 host=cogame-battlecode busy=2026-09-08-battlecode-2023
2026-09-08T09:16:15Z 00 deferred idea=1218173707507614 host=cogame-battlecode busy=2026-09-08-battlecode-2023
2026-09-08T09:16:15Z 00 deferred idea=1218173792280294 host=cogame-battlecode busy=2026-09-08-battlecode-2023
2026-09-08T09:16:15Z heartbeat: nothing to do
2026-09-08T09:37:54Z 00 probe run=2026-09-04-battlecode-2024 result=fail
2026-09-08T09:37:54Z 00 deferred idea=1218173707344974 host=cogame-battlecode busy=2026-09-08-battlecode-2023
2026-09-08T09:37:54Z 00 deferred idea=1218173818034076 host=cogame-battlecode busy=2026-09-08-battlecode-2023
2026-09-08T09:37:54Z 00 deferred idea=1218173707507614 host=cogame-battlecode busy=2026-09-08-battlecode-2023
2026-09-08T09:37:54Z 00 deferred idea=1218173792280294 host=cogame-battlecode busy=2026-09-08-battlecode-2023
2026-09-08T09:37:54Z heartbeat: nothing to do
2026-09-08T10:01:34Z 00 probe run=2026-09-04-battlecode-2024 result=fail
2026-09-08T10:01:34Z 00 deferred idea=1218173707344974 host=cogame-battlecode busy=2026-09-08-battlecode-2023
2026-09-08T10:01:34Z 00 deferred idea=1218173818034076 host=cogame-battlecode busy=2026-09-08-battlecode-2023
2026-09-08T10:01:34Z 00 deferred idea=1218173707507614 host=cogame-battlecode busy=2026-09-08-battlecode-2023
2026-09-08T10:01:34Z 00 deferred idea=1218173792280294 host=cogame-battlecode busy=2026-09-08-battlecode-2023
2026-09-08T10:01:34Z heartbeat: nothing to do
2026-09-08T10:40:42Z 00 probe run=2026-09-04-battlecode-2024 result=fail
2026-09-08T10:40:42Z 00 deferred idea=1218173707344974 host=cogame-battlecode busy=2026-09-08-battlecode-2023
2026-09-08T10:40:42Z 00 deferred idea=1218173818034076 host=cogame-battlecode busy=2026-09-08-battlecode-2023
2026-09-08T10:40:42Z 00 deferred idea=1218173707507614 host=cogame-battlecode busy=2026-09-08-battlecode-2023
2026-09-08T10:40:42Z 00 deferred idea=1218173792280294 host=cogame-battlecode busy=2026-09-08-battlecode-2023
2026-09-08T10:40:42Z heartbeat: nothing to do
2026-09-08T10:57:39Z 00 probe run=2026-09-04-battlecode-2024 result=fail
2026-09-08T10:57:39Z 00 deferred idea=1218173707344974 host=cogame-battlecode busy=2026-09-08-battlecode-2023
2026-09-08T10:57:39Z 00 deferred idea=1218173818034076 host=cogame-battlecode busy=2026-09-08-battlecode-2023
2026-09-08T10:57:39Z 00 deferred idea=1218173707507614 host=cogame-battlecode busy=2026-09-08-battlecode-2023
2026-09-08T10:57:39Z 00 deferred idea=1218173792280294 host=cogame-battlecode busy=2026-09-08-battlecode-2023
2026-09-08T10:57:39Z heartbeat: nothing to do
2026-09-08T11:18:42Z 00 probe run=2026-09-04-battlecode-2024 result=fail (r1-review.md still absent; subtask 1218245497860470 open)
2026-09-08T11:18:42Z 00 deferred idea=1218173707344974 host=cogame-battlecode busy=2026-09-08-battlecode-2023
2026-09-08T11:18:42Z 00 deferred idea=1218173818034076 host=cogame-battlecode busy=2026-09-08-battlecode-2023
2026-09-08T11:18:42Z 00 deferred idea=1218173707507614 host=cogame-battlecode busy=2026-09-08-battlecode-2023
2026-09-08T11:18:42Z 00 deferred idea=1218173792280294 host=cogame-battlecode busy=2026-09-08-battlecode-2023
2026-09-08T11:18:42Z heartbeat: nothing to do (4 bc mods deferred behind battlecode-2023; bc24 probe fail, still blocked)
2026-09-08T11:41:31Z 00 probe run=2026-09-04-battlecode-2024 result=fail (r1-review.md still absent; subtask 1218245497860470 open)
2026-09-08T11:41:31Z 00 deferred idea=1218173707344974 host=cogame-battlecode busy=2026-09-08-battlecode-2023
2026-09-08T11:41:31Z 00 deferred idea=1218173818034076 host=cogame-battlecode busy=2026-09-08-battlecode-2023
2026-09-08T11:41:31Z 00 deferred idea=1218173707507614 host=cogame-battlecode busy=2026-09-08-battlecode-2023
2026-09-08T11:41:31Z 00 deferred idea=1218173792280294 host=cogame-battlecode busy=2026-09-08-battlecode-2023
2026-09-08T11:41:31Z heartbeat: nothing to do (4 bc mods deferred behind battlecode-2023; bc24 probe fail, still blocked)
2026-09-08T11:59:40Z 00 probe run=2026-09-04-battlecode-2024 result=fail
2026-09-08T11:59:40Z 00 deferred idea=1218173707344974 host=cogame-battlecode busy=2026-09-08-battlecode-2023
2026-09-08T11:59:40Z 00 deferred idea=1218173818034076 host=cogame-battlecode busy=2026-09-08-battlecode-2023
2026-09-08T11:59:40Z 00 deferred idea=1218173707507614 host=cogame-battlecode busy=2026-09-08-battlecode-2023
2026-09-08T11:59:40Z 00 deferred idea=1218173792280294 host=cogame-battlecode busy=2026-09-08-battlecode-2023
2026-09-08T11:59:40Z heartbeat: nothing to do
2026-09-08T12:22:01Z 00 probe run=2026-09-04-battlecode-2024 result=fail
2026-09-08T12:22:01Z 00 deferred idea=1218173707344974 host=cogame-battlecode busy=2026-09-08-battlecode-2023
2026-09-08T12:22:01Z 00 deferred idea=1218173818034076 host=cogame-battlecode busy=2026-09-08-battlecode-2023
2026-09-08T12:22:01Z 00 deferred idea=1218173707507614 host=cogame-battlecode busy=2026-09-08-battlecode-2023
2026-09-08T12:22:01Z 00 deferred idea=1218173792280294 host=cogame-battlecode busy=2026-09-08-battlecode-2023
2026-09-08T12:22:01Z heartbeat: nothing to do
2026-09-08T12:42:32Z 00 probe run=2026-09-04-battlecode-2024 result=fail
2026-09-08T12:42:32Z 00 deferred idea=1218173707344974 host=cogame-battlecode busy=2026-09-08-battlecode-2023
2026-09-08T12:42:32Z 00 deferred idea=1218173818034076 host=cogame-battlecode busy=2026-09-08-battlecode-2023
2026-09-08T12:42:32Z 00 deferred idea=1218173707507614 host=cogame-battlecode busy=2026-09-08-battlecode-2023
2026-09-08T12:42:32Z 00 deferred idea=1218173792280294 host=cogame-battlecode busy=2026-09-08-battlecode-2023
2026-09-08T12:42:32Z heartbeat: nothing to do
2026-09-08T12:53:06Z heartbeat: session ae0814d0 yields run 2026-09-08-battlecode-2023 to live session 01858aee (resumed 10:19Z while builder thread sthr_01F7acZAb8YTcXh4zub7sXY6 ran >180min; builder finished CI green main@f9b292a2 run 34224289835 — already recorded in run log by 01858aee; no run writes by this session after loss)
2026-09-08T13:00:32Z 00 probe run=2026-09-04-battlecode-2024 result=fail
2026-09-08T13:00:32Z 00 deferred idea=1218173707344974 host=cogame-battlecode busy=2026-09-08-battlecode-2023
2026-09-08T13:00:32Z 00 deferred idea=1218173818034076 host=cogame-battlecode busy=2026-09-08-battlecode-2023
2026-09-08T13:00:32Z 00 deferred idea=1218173707507614 host=cogame-battlecode busy=2026-09-08-battlecode-2023
2026-09-08T13:00:32Z 00 deferred idea=1218173792280294 host=cogame-battlecode busy=2026-09-08-battlecode-2023
2026-09-08T13:00:32Z heartbeat: nothing to do
2026-09-08T13:19:01Z heartbeat: nothing to do (bc22/bc16/bc19/bc17 mods deferred: host cogame-battlecode busy=2026-09-08-battlecode-2023 live; bc24 probe fail, subtask 1218245497860470 open; Summit+URTS skipped)
2026-09-08T13:41:46Z 00 probe run=2026-09-04-battlecode-2024 result=fail (r1-review.md still missing; subtask 1218245497860470 open)
2026-09-08T13:41:46Z 00 deferred idea=1218173707344974 host=cogame-battlecode busy=2026-09-08-battlecode-2023
2026-09-08T13:41:46Z 00 deferred idea=1218173818034076 host=cogame-battlecode busy=2026-09-08-battlecode-2023
2026-09-08T13:41:46Z 00 deferred idea=1218173707507614 host=cogame-battlecode busy=2026-09-08-battlecode-2023
2026-09-08T13:41:46Z 00 deferred idea=1218173792280294 host=cogame-battlecode busy=2026-09-08-battlecode-2023
2026-09-08T13:41:46Z heartbeat: nothing to do
2026-09-08T13:56:48Z 00 probe run=2026-09-04-battlecode-2024 result=fail
2026-09-08T13:56:48Z 00 deferred idea=1218173707344974 host=cogame-battlecode busy=2026-09-08-battlecode-2023
2026-09-08T13:56:48Z 00 deferred idea=1218173818034076 host=cogame-battlecode busy=2026-09-08-battlecode-2023
2026-09-08T13:56:48Z 00 deferred idea=1218173707507614 host=cogame-battlecode busy=2026-09-08-battlecode-2023
2026-09-08T13:56:48Z 00 deferred idea=1218173792280294 host=cogame-battlecode busy=2026-09-08-battlecode-2023
2026-09-08T13:56:48Z heartbeat: nothing to do
2026-09-08T14:19:49Z 00 probe run=2026-09-04-battlecode-2024 result=fail
2026-09-08T14:19:49Z 00 deferred idea=1218173707344974 host=cogame-battlecode busy=2026-09-08-battlecode-2023
2026-09-08T14:19:49Z 00 deferred idea=1218173818034076 host=cogame-battlecode busy=2026-09-08-battlecode-2023
2026-09-08T14:19:49Z 00 deferred idea=1218173707507614 host=cogame-battlecode busy=2026-09-08-battlecode-2023
2026-09-08T14:19:49Z 00 deferred idea=1218173792280294 host=cogame-battlecode busy=2026-09-08-battlecode-2023
2026-09-08T14:19:49Z heartbeat: nothing to do
2026-09-08T14:35:59Z 00 probe run=2026-09-04-battlecode-2024 result=fail
2026-09-08T14:35:59Z 00 deferred idea=1218173707344974 host=cogame-battlecode busy=2026-09-08-battlecode-2023
2026-09-08T14:35:59Z 00 deferred idea=1218173818034076 host=cogame-battlecode busy=2026-09-08-battlecode-2023
2026-09-08T14:35:59Z 00 deferred idea=1218173707507614 host=cogame-battlecode busy=2026-09-08-battlecode-2023
2026-09-08T14:35:59Z 00 deferred idea=1218173792280294 host=cogame-battlecode busy=2026-09-08-battlecode-2023
2026-09-08T14:35:59Z heartbeat: nothing to do
2026-09-08T14:55:35Z 00 probe run=2026-09-04-battlecode-2024 result=fail
2026-09-08T14:55:35Z 00 deferred idea=1218173707344974 host=cogame-battlecode busy=2026-09-08-battlecode-2023
2026-09-08T14:55:35Z 00 deferred idea=1218173818034076 host=cogame-battlecode busy=2026-09-08-battlecode-2023
2026-09-08T14:55:35Z 00 deferred idea=1218173707507614 host=cogame-battlecode busy=2026-09-08-battlecode-2023
2026-09-08T14:55:35Z 00 deferred idea=1218173792280294 host=cogame-battlecode busy=2026-09-08-battlecode-2023
2026-09-08T14:55:35Z heartbeat: nothing to do
2026-09-08T15:20:37Z 00 probe run=2026-09-04-battlecode-2024 result=fail
2026-09-08T15:20:37Z 00 deferred idea=1218173707344974 host=cogame-battlecode busy=2026-09-08-battlecode-2023
2026-09-08T15:20:37Z 00 deferred idea=1218173818034076 host=cogame-battlecode busy=2026-09-08-battlecode-2023
2026-09-08T15:20:37Z 00 deferred idea=1218173707507614 host=cogame-battlecode busy=2026-09-08-battlecode-2023
2026-09-08T15:20:37Z 00 deferred idea=1218173792280294 host=cogame-battlecode busy=2026-09-08-battlecode-2023
2026-09-08T15:20:37Z heartbeat: nothing to do
2026-09-08T15:38:57Z 00 probe run=2026-09-04-battlecode-2024 result=fail
2026-09-08T15:38:57Z 00 deferred idea=1218173707344974 host=cogame-battlecode busy=2026-09-08-battlecode-2023
2026-09-08T15:38:57Z 00 deferred idea=1218173818034076 host=cogame-battlecode busy=2026-09-08-battlecode-2023
2026-09-08T15:38:57Z 00 deferred idea=1218173707507614 host=cogame-battlecode busy=2026-09-08-battlecode-2023
2026-09-08T15:38:57Z 00 deferred idea=1218173792280294 host=cogame-battlecode busy=2026-09-08-battlecode-2023
2026-09-08T15:38:57Z heartbeat: nothing to do
2026-09-08T15:56:02Z 00 probe run=2026-09-04-battlecode-2024 result=fail
2026-09-08T15:56:02Z 00 deferred idea=1218173707344974 host=cogame-battlecode busy=2026-09-08-battlecode-2023
2026-09-08T15:56:02Z 00 deferred idea=1218173818034076 host=cogame-battlecode busy=2026-09-08-battlecode-2023
2026-09-08T15:56:02Z 00 deferred idea=1218173707507614 host=cogame-battlecode busy=2026-09-08-battlecode-2023
2026-09-08T15:56:02Z 00 deferred idea=1218173792280294 host=cogame-battlecode busy=2026-09-08-battlecode-2023
2026-09-08T15:56:02Z heartbeat: nothing to do
2026-09-08T16:27:47Z 00 yield resume run=2026-09-08-battlecode-2023 to=session 01858aee (original session alive — woke from long fixer thread, Asana heartbeat_at moved past my stamp within minutes of my adoption; duplicate fixer stood down clean, nothing foreign pushed)
2026-09-08T16:35:51Z 00 probe run=2026-09-04-battlecode-2024 result=fail
2026-09-08T16:35:51Z 00 deferred idea=1218173707344974 host=cogame-battlecode busy=2026-09-08-battlecode-2023
2026-09-08T16:35:51Z 00 deferred idea=1218173818034076 host=cogame-battlecode busy=2026-09-08-battlecode-2023
2026-09-08T16:35:51Z 00 deferred idea=1218173707507614 host=cogame-battlecode busy=2026-09-08-battlecode-2023
2026-09-08T16:35:51Z 00 deferred idea=1218173792280294 host=cogame-battlecode busy=2026-09-08-battlecode-2023
2026-09-08T16:35:51Z heartbeat: nothing to do
2026-09-08T16:54:54Z 00 probe run=2026-09-04-battlecode-2024 result=fail
2026-09-08T16:54:54Z 00 deferred idea=1218173707344974 host=cogame-battlecode busy=2026-09-08-battlecode-2023
2026-09-08T16:54:54Z 00 deferred idea=1218173818034076 host=cogame-battlecode busy=2026-09-08-battlecode-2023
2026-09-08T16:54:54Z 00 deferred idea=1218173707507614 host=cogame-battlecode busy=2026-09-08-battlecode-2023
2026-09-08T16:54:54Z 00 deferred idea=1218173792280294 host=cogame-battlecode busy=2026-09-08-battlecode-2023
2026-09-08T16:54:54Z heartbeat: nothing to do
2026-09-08T17:19:51Z 00 probe run=2026-09-04-battlecode-2024 result=fail
2026-09-08T17:19:51Z 00 deferred idea=1218173707344974 host=cogame-battlecode busy=2026-09-08-battlecode-2023
2026-09-08T17:19:51Z 00 deferred idea=1218173818034076 host=cogame-battlecode busy=2026-09-08-battlecode-2023
2026-09-08T17:19:51Z 00 deferred idea=1218173707507614 host=cogame-battlecode busy=2026-09-08-battlecode-2023
2026-09-08T17:19:51Z 00 deferred idea=1218173792280294 host=cogame-battlecode busy=2026-09-08-battlecode-2023
2026-09-08T17:19:51Z heartbeat: nothing to do
2026-09-08T17:37:10Z 00 probe run=2026-09-04-battlecode-2024 result=fail
2026-09-08T17:37:10Z 00 deferred idea=1218173707344974 host=cogame-battlecode busy=2026-09-08-battlecode-2023
2026-09-08T17:37:10Z 00 deferred idea=1218173818034076 host=cogame-battlecode busy=2026-09-08-battlecode-2023
2026-09-08T17:37:10Z 00 deferred idea=1218173707507614 host=cogame-battlecode busy=2026-09-08-battlecode-2023
2026-09-08T17:37:10Z 00 deferred idea=1218173792280294 host=cogame-battlecode busy=2026-09-08-battlecode-2023
2026-09-08T17:37:10Z heartbeat: nothing to do
2026-09-08T18:17:15Z 00 probe run=2026-09-04-battlecode-2024 result=fail
2026-09-08T18:17:15Z 00 deferred idea=1218173818034076 host=cogame-battlecode busy=2026-09-08-battlecode-2022
2026-09-08T18:17:15Z 00 deferred idea=1218173707507614 host=cogame-battlecode busy=2026-09-08-battlecode-2022
2026-09-08T18:17:15Z 00 deferred idea=1218173792280294 host=cogame-battlecode busy=2026-09-08-battlecode-2022
2026-09-08T18:17:15Z heartbeat: nothing to do
